best_data,std_dev,routing pass,layout pass,coupling map,circuit label,beam width,look ahead
"{'depth': 340, 'depth_ratio': 3.4, 'time': 0.635181188583374, 'cx_gates': 1716, 'num_gates': 1717}","{'depth': 8.0, 'depth_ratio': 0.08, 'time': 0.09819, 'cx_gates': 328.5, 'num_gates': 328.5}",sabre_v020_look_010_beam_001,sabre_v020,hex_127,0,1,10
"{'depth': 346, 'depth_ratio': 3.46, 'time': 1.4009697437286377, 'cx_gates': 1926, 'num_gates': 1927}","{'depth': 5.0, 'depth_ratio': 0.05, 'time': 0.05882, 'cx_gates': 240.0, 'num_gates': 240.0}",sabre_v020_look_010_beam_002,sabre_v020,hex_127,0,2,10
"{'depth': 346, 'depth_ratio': 3.46, 'time': 1.760885238647461, 'cx_gates': 1926, 'num_gates': 1927}","{'depth': 5.0, 'depth_ratio': 0.05, 'time': 0.219, 'cx_gates': 240.0, 'num_gates': 240.0}",sabre_v020_look_010_beam_003,sabre_v020,hex_127,0,3,10
"{'depth': 346, 'depth_ratio': 3.46, 'time': 2.443575143814087, 'cx_gates': 1917, 'num_gates': 1918}","{'depth': 5.0, 'depth_ratio': 0.05, 'time': 0.2918, 'cx_gates': 244.5, 'num_gates': 244.5}",sabre_v020_look_010_beam_004,sabre_v020,hex_127,0,4,10
"{'depth': 346, 'depth_ratio': 3.46, 'time': 3.035858631134033, 'cx_gates': 1917, 'num_gates': 1918}","{'depth': 5.0, 'depth_ratio': 0.05, 'time': 0.3786, 'cx_gates': 244.5, 'num_gates': 244.5}",sabre_v020_look_010_beam_005,sabre_v020,hex_127,0,5,10
"{'depth': 346, 'depth_ratio': 3.46, 'time': 3.6683335304260254, 'cx_gates': 1917, 'num_gates': 1918}","{'depth': 5.0, 'depth_ratio': 0.05, 'time': 0.484, 'cx_gates': 244.5, 'num_gates': 244.5}",sabre_v020_look_010_beam_006,sabre_v020,hex_127,0,6,10
"{'depth': 346, 'depth_ratio': 3.46, 'time': 4.618381977081299, 'cx_gates': 1917, 'num_gates': 1918}","{'depth': 5.0, 'depth_ratio': 0.05, 'time': 0.5142, 'cx_gates': 244.5, 'num_gates': 244.5}",sabre_v020_look_010_beam_007,sabre_v020,hex_127,0,7,10
"{'depth': 341, 'depth_ratio': 3.41, 'time': 6.769525051116943, 'cx_gates': 2451, 'num_gates': 2452}","{'depth': 2.5, 'depth_ratio': 0.025, 'time': 0.8031, 'cx_gates': 282.0, 'num_gates': 282.0}",sabre_v020_look_010_beam_008,sabre_v020,hex_127,0,8,10
"{'depth': 356, 'depth_ratio': 3.56, 'time': 7.200731039047241, 'cx_gates': 2502, 'num_gates': 2503}","{'depth': 4.0, 'depth_ratio': 0.04, 'time': 0.6142, 'cx_gates': 321.0, 'num_gates': 321.0}",sabre_v020_look_010_beam_009,sabre_v020,hex_127,0,9,10
"{'depth': 356, 'depth_ratio': 3.56, 'time': 8.244129180908203, 'cx_gates': 2502, 'num_gates': 2503}","{'depth': 1.0, 'depth_ratio': 0.01, 'time': 1.307, 'cx_gates': 418.5, 'num_gates': 418.5}",sabre_v020_look_010_beam_010,sabre_v020,hex_127,0,10,10
"{'depth': 356, 'depth_ratio': 3.56, 'time': 9.1858549118042, 'cx_gates': 2502, 'num_gates': 2503}","{'depth': 1.0, 'depth_ratio': 0.01, 'time': 1.436, 'cx_gates': 418.5, 'num_gates': 418.5}",sabre_v020_look_010_beam_011,sabre_v020,hex_127,0,11,10
"{'depth': 356, 'depth_ratio': 3.56, 'time': 9.937918663024902, 'cx_gates': 2502, 'num_gates': 2503}","{'depth': 1.0, 'depth_ratio': 0.01, 'time': 1.085, 'cx_gates': 418.5, 'num_gates': 418.5}",sabre_v020_look_010_beam_012,sabre_v020,hex_127,0,12,10
"{'depth': 356, 'depth_ratio': 3.56, 'time': 10.961859703063965, 'cx_gates': 2502, 'num_gates': 2503}","{'depth': 4.0, 'depth_ratio': 0.04, 'time': 1.556, 'cx_gates': 408.0, 'num_gates': 408.0}",sabre_v020_look_010_beam_013,sabre_v020,hex_127,0,13,10
"{'depth': 356, 'depth_ratio': 3.56, 'time': 11.963709831237793, 'cx_gates': 2502, 'num_gates': 2503}","{'depth': 4.0, 'depth_ratio': 0.04, 'time': 1.682, 'cx_gates': 408.0, 'num_gates': 408.0}",sabre_v020_look_010_beam_014,sabre_v020,hex_127,0,14,10
"{'depth': 350, 'depth_ratio': 3.5, 'time': 13.02388858795166, 'cx_gates': 2400, 'num_gates': 2401}","{'depth': 7.5, 'depth_ratio': 0.075, 'time': 1.54, 'cx_gates': 321.0, 'num_gates': 321.0}",sabre_v020_look_010_beam_015,sabre_v020,hex_127,0,15,10
"{'depth': 330, 'depth_ratio': 3.3, 'time': 15.07710862159729, 'cx_gates': 2445, 'num_gates': 2446}","{'depth': 13.5, 'depth_ratio': 0.135, 'time': 2.232, 'cx_gates': 360.0, 'num_gates': 360.0}",sabre_v020_look_010_beam_016,sabre_v020,hex_127,0,16,10
"{'depth': 326, 'depth_ratio': 3.26, 'time': 19.34301519393921, 'cx_gates': 2448, 'num_gates': 2449}","{'depth': 15.5, 'depth_ratio': 0.155, 'time': 3.782, 'cx_gates': 361.5, 'num_gates': 361.5}",sabre_v020_look_010_beam_017,sabre_v020,hex_127,0,17,10
"{'depth': 326, 'depth_ratio': 3.26, 'time': 19.923718452453613, 'cx_gates': 2448, 'num_gates': 2449}","{'depth': 8.5, 'depth_ratio': 0.085, 'time': 2.043, 'cx_gates': 363.0, 'num_gates': 363.0}",sabre_v020_look_010_beam_018,sabre_v020,hex_127,0,18,10
"{'depth': 326, 'depth_ratio': 3.26, 'time': 21.438509702682495, 'cx_gates': 2448, 'num_gates': 2449}","{'depth': 8.0, 'depth_ratio': 0.08, 'time': 2.574, 'cx_gates': 348.0, 'num_gates': 348.0}",sabre_v020_look_010_beam_019,sabre_v020,hex_127,0,19,10
"{'depth': 330, 'depth_ratio': 3.3, 'time': 23.694077491760254, 'cx_gates': 2526, 'num_gates': 2527}","{'depth': 6.0, 'depth_ratio': 0.06, 'time': 3.101, 'cx_gates': 387.0, 'num_gates': 387.0}",sabre_v020_look_010_beam_020,sabre_v020,hex_127,0,20,10
"{'depth': 337, 'depth_ratio': 3.37, 'time': 19.80608081817627, 'cx_gates': 1839, 'num_gates': 1840}","{'depth': 1.0, 'depth_ratio': 0.01, 'time': 2.813, 'cx_gates': 339.0, 'num_gates': 339.0}",sabre_v020_look_010_beam_021,sabre_v020,hex_127,0,21,10
"{'depth': 326, 'depth_ratio': 3.26, 'time': 24.212193727493286, 'cx_gates': 2286, 'num_gates': 2287}","{'depth': 5.0, 'depth_ratio': 0.05, 'time': 2.196, 'cx_gates': 223.5, 'num_gates': 223.5}",sabre_v020_look_010_beam_022,sabre_v020,hex_127,0,22,10
"{'depth': 326, 'depth_ratio': 3.26, 'time': 25.32467818260193, 'cx_gates': 2286, 'num_gates': 2287}","{'depth': 5.0, 'depth_ratio': 0.05, 'time': 2.106, 'cx_gates': 223.5, 'num_gates': 223.5}",sabre_v020_look_010_beam_023,sabre_v020,hex_127,0,23,10
"{'depth': 326, 'depth_ratio': 3.26, 'time': 26.682138919830322, 'cx_gates': 2286, 'num_gates': 2287}","{'depth': 5.0, 'depth_ratio': 0.05, 'time': 2.394, 'cx_gates': 223.5, 'num_gates': 223.5}",sabre_v020_look_010_beam_024,sabre_v020,hex_127,0,24,10
"{'depth': 326, 'depth_ratio': 3.26, 'time': 27.78798770904541, 'cx_gates': 2286, 'num_gates': 2287}","{'depth': 5.0, 'depth_ratio': 0.05, 'time': 2.397, 'cx_gates': 223.5, 'num_gates': 223.5}",sabre_v020_look_010_beam_025,sabre_v020,hex_127,0,25,10
"{'depth': 326, 'depth_ratio': 3.26, 'time': 29.165952682495117, 'cx_gates': 2286, 'num_gates': 2287}","{'depth': 5.0, 'depth_ratio': 0.05, 'time': 2.568, 'cx_gates': 223.5, 'num_gates': 223.5}",sabre_v020_look_010_beam_026,sabre_v020,hex_127,0,26,10
"{'depth': 326, 'depth_ratio': 3.26, 'time': 30.04447841644287, 'cx_gates': 2286, 'num_gates': 2287}","{'depth': 3.0, 'depth_ratio': 0.03, 'time': 2.196, 'cx_gates': 226.5, 'num_gates': 226.5}",sabre_v020_look_010_beam_027,sabre_v020,hex_127,0,27,10
"{'depth': 326, 'depth_ratio': 3.26, 'time': 32.07975172996521, 'cx_gates': 2286, 'num_gates': 2287}","{'depth': 12.0, 'depth_ratio': 0.12, 'time': 2.462, 'cx_gates': 220.5, 'num_gates': 220.5}",sabre_v020_look_010_beam_028,sabre_v020,hex_127,0,28,10
"{'depth': 326, 'depth_ratio': 3.26, 'time': 34.26074433326721, 'cx_gates': 2286, 'num_gates': 2287}","{'depth': 12.0, 'depth_ratio': 0.12, 'time': 2.48, 'cx_gates': 220.5, 'num_gates': 220.5}",sabre_v020_look_010_beam_029,sabre_v020,hex_127,0,29,10
"{'depth': 326, 'depth_ratio': 3.26, 'time': 35.86964178085327, 'cx_gates': 2286, 'num_gates': 2287}","{'depth': 12.0, 'depth_ratio': 0.12, 'time': 2.679, 'cx_gates': 220.5, 'num_gates': 220.5}",sabre_v020_look_010_beam_030,sabre_v020,hex_127,0,30,10
"{'depth': 326, 'depth_ratio': 3.26, 'time': 36.99270987510681, 'cx_gates': 2286, 'num_gates': 2287}","{'depth': 12.0, 'depth_ratio': 0.12, 'time': 2.535, 'cx_gates': 220.5, 'num_gates': 220.5}",sabre_v020_look_010_beam_031,sabre_v020,hex_127,0,31,10
"{'depth': 326, 'depth_ratio': 3.26, 'time': 39.921276330947876, 'cx_gates': 2286, 'num_gates': 2287}","{'depth': 12.0, 'depth_ratio': 0.12, 'time': 3.202, 'cx_gates': 237.0, 'num_gates': 237.0}",sabre_v020_look_010_beam_032,sabre_v020,hex_127,0,32,10
"{'depth': 331, 'depth_ratio': 3.31, 'time': 41.616645097732544, 'cx_gates': 2238, 'num_gates': 2239}","{'depth': 9.5, 'depth_ratio': 0.095, 'time': 3.106, 'cx_gates': 213.0, 'num_gates': 213.0}",sabre_v020_look_010_beam_033,sabre_v020,hex_127,0,33,10
"{'depth': 331, 'depth_ratio': 3.31, 'time': 42.75285887718201, 'cx_gates': 2238, 'num_gates': 2239}","{'depth': 9.5, 'depth_ratio': 0.095, 'time': 2.939, 'cx_gates': 213.0, 'num_gates': 213.0}",sabre_v020_look_010_beam_034,sabre_v020,hex_127,0,34,10
"{'depth': 337, 'depth_ratio': 3.37, 'time': 38.497596979141235, 'cx_gates': 1824, 'num_gates': 1825}","{'depth': 6.5, 'depth_ratio': 0.065, 'time': 3.702, 'cx_gates': 279.0, 'num_gates': 279.0}",sabre_v020_look_010_beam_035,sabre_v020,hex_127,0,35,10
"{'depth': 338, 'depth_ratio': 3.38, 'time': 39.38380742073059, 'cx_gates': 1767, 'num_gates': 1768}","{'depth': 7.0, 'depth_ratio': 0.07, 'time': 3.909, 'cx_gates': 301.5, 'num_gates': 301.5}",sabre_v020_look_010_beam_036,sabre_v020,hex_127,0,36,10
"{'depth': 338, 'depth_ratio': 3.38, 'time': 41.00230956077576, 'cx_gates': 1767, 'num_gates': 1768}","{'depth': 7.0, 'depth_ratio': 0.07, 'time': 3.957, 'cx_gates': 301.5, 'num_gates': 301.5}",sabre_v020_look_010_beam_037,sabre_v020,hex_127,0,37,10
"{'depth': 338, 'depth_ratio': 3.38, 'time': 42.171416997909546, 'cx_gates': 1767, 'num_gates': 1768}","{'depth': 7.0, 'depth_ratio': 0.07, 'time': 4.317, 'cx_gates': 301.5, 'num_gates': 301.5}",sabre_v020_look_010_beam_038,sabre_v020,hex_127,0,38,10
"{'depth': 338, 'depth_ratio': 3.38, 'time': 44.44405937194824, 'cx_gates': 1767, 'num_gates': 1768}","{'depth': 7.0, 'depth_ratio': 0.07, 'time': 4.183, 'cx_gates': 301.5, 'num_gates': 301.5}",sabre_v020_look_010_beam_039,sabre_v020,hex_127,0,39,10
"{'depth': 341, 'depth_ratio': 3.41, 'time': 45.43519568443298, 'cx_gates': 1758, 'num_gates': 1759}","{'depth': 5.5, 'depth_ratio': 0.055, 'time': 4.432, 'cx_gates': 306.0, 'num_gates': 306.0}",sabre_v020_look_010_beam_040,sabre_v020,hex_127,0,40,10
"{'depth': 341, 'depth_ratio': 3.41, 'time': 43.211681842803955, 'cx_gates': 1758, 'num_gates': 1759}","{'depth': 5.5, 'depth_ratio': 0.055, 'time': 3.967, 'cx_gates': 306.0, 'num_gates': 306.0}",sabre_v020_look_010_beam_041,sabre_v020,hex_127,0,41,10
"{'depth': 341, 'depth_ratio': 3.41, 'time': 44.51240801811218, 'cx_gates': 1758, 'num_gates': 1759}","{'depth': 5.5, 'depth_ratio': 0.055, 'time': 4.402, 'cx_gates': 306.0, 'num_gates': 306.0}",sabre_v020_look_010_beam_042,sabre_v020,hex_127,0,42,10
"{'depth': 341, 'depth_ratio': 3.41, 'time': 49.03940510749817, 'cx_gates': 1791, 'num_gates': 1792}","{'depth': 8.5, 'depth_ratio': 0.085, 'time': 4.041, 'cx_gates': 282.0, 'num_gates': 282.0}",sabre_v020_look_010_beam_043,sabre_v020,hex_127,0,43,10
"{'depth': 341, 'depth_ratio': 3.41, 'time': 49.67571830749512, 'cx_gates': 1791, 'num_gates': 1792}","{'depth': 8.5, 'depth_ratio': 0.085, 'time': 4.78, 'cx_gates': 282.0, 'num_gates': 282.0}",sabre_v020_look_010_beam_044,sabre_v020,hex_127,0,44,10
"{'depth': 341, 'depth_ratio': 3.41, 'time': 51.85917782783508, 'cx_gates': 1791, 'num_gates': 1792}","{'depth': 0, 'depth_ratio': 0, 'time': 5.005, 'cx_gates': 283.5, 'num_gates': 283.5}",sabre_v020_look_010_beam_045,sabre_v020,hex_127,0,45,10
"{'depth': 340, 'depth_ratio': 3.4, 'time': 53.75976252555847, 'cx_gates': 1761, 'num_gates': 1762}","{'depth': 0.5, 'depth_ratio': 0.005, 'time': 5.53, 'cx_gates': 298.5, 'num_gates': 298.5}",sabre_v020_look_010_beam_046,sabre_v020,hex_127,0,46,10
"{'depth': 340, 'depth_ratio': 3.4, 'time': 55.827170848846436, 'cx_gates': 1761, 'num_gates': 1762}","{'depth': 9.5, 'depth_ratio': 0.095, 'time': 6.401, 'cx_gates': 357.0, 'num_gates': 357.0}",sabre_v020_look_010_beam_047,sabre_v020,hex_127,0,47,10
"{'depth': 340, 'depth_ratio': 3.4, 'time': 57.69374704360962, 'cx_gates': 1761, 'num_gates': 1762}","{'depth': 9.5, 'depth_ratio': 0.095, 'time': 6.916, 'cx_gates': 357.0, 'num_gates': 357.0}",sabre_v020_look_010_beam_048,sabre_v020,hex_127,0,48,10
"{'depth': 340, 'depth_ratio': 3.4, 'time': 59.49993920326233, 'cx_gates': 1761, 'num_gates': 1762}","{'depth': 9.5, 'depth_ratio': 0.095, 'time': 6.85, 'cx_gates': 357.0, 'num_gates': 357.0}",sabre_v020_look_010_beam_049,sabre_v020,hex_127,0,49,10
"{'depth': 340, 'depth_ratio': 3.4, 'time': 61.955620765686035, 'cx_gates': 1761, 'num_gates': 1762}","{'depth': 9.5, 'depth_ratio': 0.095, 'time': 6.718, 'cx_gates': 357.0, 'num_gates': 357.0}",sabre_v020_look_010_beam_050,sabre_v020,hex_127,0,50,10
"{'depth': 340, 'depth_ratio': 3.4, 'time': 63.63762354850769, 'cx_gates': 1761, 'num_gates': 1762}","{'depth': 9.5, 'depth_ratio': 0.095, 'time': 6.595, 'cx_gates': 357.0, 'num_gates': 357.0}",sabre_v020_look_010_beam_051,sabre_v020,hex_127,0,51,10
"{'depth': 340, 'depth_ratio': 3.4, 'time': 65.85388016700745, 'cx_gates': 1761, 'num_gates': 1762}","{'depth': 9.5, 'depth_ratio': 0.095, 'time': 6.819, 'cx_gates': 357.0, 'num_gates': 357.0}",sabre_v020_look_010_beam_052,sabre_v020,hex_127,0,52,10
"{'depth': 340, 'depth_ratio': 3.4, 'time': 68.20842146873474, 'cx_gates': 1761, 'num_gates': 1762}","{'depth': 9.5, 'depth_ratio': 0.095, 'time': 6.64, 'cx_gates': 357.0, 'num_gates': 357.0}",sabre_v020_look_010_beam_053,sabre_v020,hex_127,0,53,10
"{'depth': 339, 'depth_ratio': 3.39, 'time': 71.17311000823975, 'cx_gates': 1785, 'num_gates': 1786}","{'depth': 10.0, 'depth_ratio': 0.1, 'time': 6.515, 'cx_gates': 345.0, 'num_gates': 345.0}",sabre_v020_look_010_beam_054,sabre_v020,hex_127,0,54,10
"{'depth': 339, 'depth_ratio': 3.39, 'time': 68.8406183719635, 'cx_gates': 1785, 'num_gates': 1786}","{'depth': 10.0, 'depth_ratio': 0.1, 'time': 6.567, 'cx_gates': 345.0, 'num_gates': 345.0}",sabre_v020_look_010_beam_055,sabre_v020,hex_127,0,55,10
"{'depth': 339, 'depth_ratio': 3.39, 'time': 73.26584959030151, 'cx_gates': 1785, 'num_gates': 1786}","{'depth': 10.0, 'depth_ratio': 0.1, 'time': 7.91, 'cx_gates': 345.0, 'num_gates': 345.0}",sabre_v020_look_010_beam_056,sabre_v020,hex_127,0,56,10
"{'depth': 332, 'depth_ratio': 3.32, 'time': 79.19992971420288, 'cx_gates': 1773, 'num_gates': 1774}","{'depth': 17.5, 'depth_ratio': 0.175, 'time': 5.881, 'cx_gates': 366.0, 'num_gates': 366.0}",sabre_v020_look_010_beam_057,sabre_v020,hex_127,0,57,10
"{'depth': 332, 'depth_ratio': 3.32, 'time': 89.64173364639282, 'cx_gates': 1773, 'num_gates': 1774}","{'depth': 17.5, 'depth_ratio': 0.175, 'time': 10.83, 'cx_gates': 366.0, 'num_gates': 366.0}",sabre_v020_look_010_beam_058,sabre_v020,hex_127,0,58,10
"{'depth': 332, 'depth_ratio': 3.32, 'time': 93.33886003494263, 'cx_gates': 1773, 'num_gates': 1774}","{'depth': 13.0, 'depth_ratio': 0.13, 'time': 1.435, 'cx_gates': 343.5, 'num_gates': 343.5}",sabre_v020_look_010_beam_059,sabre_v020,hex_127,0,59,10
"{'depth': 332, 'depth_ratio': 3.32, 'time': 80.71812772750854, 'cx_gates': 1773, 'num_gates': 1774}","{'depth': 13.0, 'depth_ratio': 0.13, 'time': 7.865, 'cx_gates': 343.5, 'num_gates': 343.5}",sabre_v020_look_010_beam_060,sabre_v020,hex_127,0,60,10
"{'depth': 332, 'depth_ratio': 3.32, 'time': 83.42031812667847, 'cx_gates': 1773, 'num_gates': 1774}","{'depth': 13.0, 'depth_ratio': 0.13, 'time': 7.999, 'cx_gates': 343.5, 'num_gates': 343.5}",sabre_v020_look_010_beam_061,sabre_v020,hex_127,0,61,10
"{'depth': 332, 'depth_ratio': 3.32, 'time': 85.92609524726868, 'cx_gates': 1773, 'num_gates': 1774}","{'depth': 13.0, 'depth_ratio': 0.13, 'time': 7.895, 'cx_gates': 343.5, 'num_gates': 343.5}",sabre_v020_look_010_beam_062,sabre_v020,hex_127,0,62,10
"{'depth': 332, 'depth_ratio': 3.32, 'time': 87.96129155158997, 'cx_gates': 1773, 'num_gates': 1774}","{'depth': 13.0, 'depth_ratio': 0.13, 'time': 8.538, 'cx_gates': 343.5, 'num_gates': 343.5}",sabre_v020_look_010_beam_063,sabre_v020,hex_127,0,63,10
"{'depth': 333, 'depth_ratio': 3.33, 'time': 92.02554249763489, 'cx_gates': 1785, 'num_gates': 1786}","{'depth': 12.5, 'depth_ratio': 0.125, 'time': 5.548, 'cx_gates': 337.5, 'num_gates': 337.5}",sabre_v020_look_010_beam_064,sabre_v020,hex_127,0,64,10
"{'depth': 333, 'depth_ratio': 3.33, 'time': 89.61620950698853, 'cx_gates': 1785, 'num_gates': 1786}","{'depth': 12.5, 'depth_ratio': 0.125, 'time': 7.936, 'cx_gates': 337.5, 'num_gates': 337.5}",sabre_v020_look_010_beam_065,sabre_v020,hex_127,0,65,10
"{'depth': 333, 'depth_ratio': 3.33, 'time': 91.95029163360596, 'cx_gates': 1785, 'num_gates': 1786}","{'depth': 8.5, 'depth_ratio': 0.085, 'time': 6.903, 'cx_gates': 300.0, 'num_gates': 300.0}",sabre_v020_look_010_beam_066,sabre_v020,hex_127,0,66,10
"{'depth': 333, 'depth_ratio': 3.33, 'time': 94.61136603355408, 'cx_gates': 1785, 'num_gates': 1786}","{'depth': 8.5, 'depth_ratio': 0.085, 'time': 7.152, 'cx_gates': 300.0, 'num_gates': 300.0}",sabre_v020_look_010_beam_067,sabre_v020,hex_127,0,67,10
"{'depth': 337, 'depth_ratio': 3.37, 'time': 95.84369897842407, 'cx_gates': 1770, 'num_gates': 1771}","{'depth': 6.5, 'depth_ratio': 0.065, 'time': 8.769, 'cx_gates': 307.5, 'num_gates': 307.5}",sabre_v020_look_010_beam_068,sabre_v020,hex_127,0,68,10
"{'depth': 339, 'depth_ratio': 3.39, 'time': 114.2345621585846, 'cx_gates': 2406, 'num_gates': 2407}","{'depth': 6.5, 'depth_ratio': 0.065, 'time': 8.87, 'cx_gates': 337.5, 'num_gates': 337.5}",sabre_v020_look_010_beam_069,sabre_v020,hex_127,0,69,10
"{'depth': 340, 'depth_ratio': 3.4, 'time': 116.44415664672852, 'cx_gates': 2400, 'num_gates': 2401}","{'depth': 6.0, 'depth_ratio': 0.06, 'time': 9.05, 'cx_gates': 334.5, 'num_gates': 334.5}",sabre_v020_look_010_beam_070,sabre_v020,hex_127,0,70,10
"{'depth': 340, 'depth_ratio': 3.4, 'time': 123.70726990699768, 'cx_gates': 2400, 'num_gates': 2401}","{'depth': 17.0, 'depth_ratio': 0.17, 'time': 9.856, 'cx_gates': 384.0, 'num_gates': 384.0}",sabre_v020_look_010_beam_071,sabre_v020,hex_127,0,71,10
"{'depth': 340, 'depth_ratio': 3.4, 'time': 127.11823725700378, 'cx_gates': 2400, 'num_gates': 2401}","{'depth': 17.0, 'depth_ratio': 0.17, 'time': 10.5, 'cx_gates': 384.0, 'num_gates': 384.0}",sabre_v020_look_010_beam_072,sabre_v020,hex_127,0,72,10
"{'depth': 340, 'depth_ratio': 3.4, 'time': 128.00016236305237, 'cx_gates': 2400, 'num_gates': 2401}","{'depth': 21.0, 'depth_ratio': 0.21, 'time': 10.9, 'cx_gates': 411.0, 'num_gates': 411.0}",sabre_v020_look_010_beam_073,sabre_v020,hex_127,0,73,10
"{'depth': 340, 'depth_ratio': 3.4, 'time': 131.7757625579834, 'cx_gates': 2400, 'num_gates': 2401}","{'depth': 21.0, 'depth_ratio': 0.21, 'time': 12.2, 'cx_gates': 411.0, 'num_gates': 411.0}",sabre_v020_look_010_beam_074,sabre_v020,hex_127,0,74,10
"{'depth': 340, 'depth_ratio': 3.4, 'time': 131.85742473602295, 'cx_gates': 2400, 'num_gates': 2401}","{'depth': 21.0, 'depth_ratio': 0.21, 'time': 10.4, 'cx_gates': 411.0, 'num_gates': 411.0}",sabre_v020_look_010_beam_075,sabre_v020,hex_127,0,75,10
"{'depth': 340, 'depth_ratio': 3.4, 'time': 134.91949009895325, 'cx_gates': 2400, 'num_gates': 2401}","{'depth': 21.0, 'depth_ratio': 0.21, 'time': 12.35, 'cx_gates': 411.0, 'num_gates': 411.0}",sabre_v020_look_010_beam_076,sabre_v020,hex_127,0,76,10
"{'depth': 340, 'depth_ratio': 3.4, 'time': 137.68308854103088, 'cx_gates': 2400, 'num_gates': 2401}","{'depth': 21.0, 'depth_ratio': 0.21, 'time': 12.17, 'cx_gates': 411.0, 'num_gates': 411.0}",sabre_v020_look_010_beam_077,sabre_v020,hex_127,0,77,10
"{'depth': 340, 'depth_ratio': 3.4, 'time': 139.4147081375122, 'cx_gates': 2400, 'num_gates': 2401}","{'depth': 21.0, 'depth_ratio': 0.21, 'time': 11.75, 'cx_gates': 411.0, 'num_gates': 411.0}",sabre_v020_look_010_beam_078,sabre_v020,hex_127,0,78,10
"{'depth': 351, 'depth_ratio': 3.51, 'time': 139.76293063163757, 'cx_gates': 2310, 'num_gates': 2311}","{'depth': 15.5, 'depth_ratio': 0.155, 'time': 10.88, 'cx_gates': 366.0, 'num_gates': 366.0}",sabre_v020_look_010_beam_079,sabre_v020,hex_127,0,79,10
"{'depth': 351, 'depth_ratio': 3.51, 'time': 142.1147060394287, 'cx_gates': 2310, 'num_gates': 2311}","{'depth': 15.5, 'depth_ratio': 0.155, 'time': 10.65, 'cx_gates': 366.0, 'num_gates': 366.0}",sabre_v020_look_010_beam_080,sabre_v020,hex_127,0,80,10
"{'depth': 351, 'depth_ratio': 3.51, 'time': 140.51855301856995, 'cx_gates': 2310, 'num_gates': 2311}","{'depth': 15.5, 'depth_ratio': 0.155, 'time': 9.862, 'cx_gates': 366.0, 'num_gates': 366.0}",sabre_v020_look_010_beam_081,sabre_v020,hex_127,0,81,10
"{'depth': 351, 'depth_ratio': 3.51, 'time': 143.48276019096375, 'cx_gates': 2310, 'num_gates': 2311}","{'depth': 15.5, 'depth_ratio': 0.155, 'time': 11.78, 'cx_gates': 387.0, 'num_gates': 387.0}",sabre_v020_look_010_beam_082,sabre_v020,hex_127,0,82,10
"{'depth': 364, 'depth_ratio': 3.64, 'time': 144.52623867988586, 'cx_gates': 2283, 'num_gates': 2284}","{'depth': 9.0, 'depth_ratio': 0.09, 'time': 10.91, 'cx_gates': 373.5, 'num_gates': 373.5}",sabre_v020_look_010_beam_083,sabre_v020,hex_127,0,83,10
"{'depth': 364, 'depth_ratio': 3.64, 'time': 146.0263648033142, 'cx_gates': 2283, 'num_gates': 2284}","{'depth': 9.0, 'depth_ratio': 0.09, 'time': 10.54, 'cx_gates': 373.5, 'num_gates': 373.5}",sabre_v020_look_010_beam_084,sabre_v020,hex_127,0,84,10
"{'depth': 364, 'depth_ratio': 3.64, 'time': 157.60585260391235, 'cx_gates': 2283, 'num_gates': 2284}","{'depth': 9.0, 'depth_ratio': 0.09, 'time': 15.03, 'cx_gates': 373.5, 'num_gates': 373.5}",sabre_v020_look_010_beam_085,sabre_v020,hex_127,0,85,10
"{'depth': 364, 'depth_ratio': 3.64, 'time': 159.7667543888092, 'cx_gates': 2283, 'num_gates': 2284}","{'depth': 9.0, 'depth_ratio': 0.09, 'time': 12.6, 'cx_gates': 373.5, 'num_gates': 373.5}",sabre_v020_look_010_beam_086,sabre_v020,hex_127,0,86,10
"{'depth': 364, 'depth_ratio': 3.64, 'time': 159.70373153686523, 'cx_gates': 2283, 'num_gates': 2284}","{'depth': 9.0, 'depth_ratio': 0.09, 'time': 10.89, 'cx_gates': 373.5, 'num_gates': 373.5}",sabre_v020_look_010_beam_087,sabre_v020,hex_127,0,87,10
"{'depth': 364, 'depth_ratio': 3.64, 'time': 158.1353108882904, 'cx_gates': 2283, 'num_gates': 2284}","{'depth': 9.0, 'depth_ratio': 0.09, 'time': 10.83, 'cx_gates': 373.5, 'num_gates': 373.5}",sabre_v020_look_010_beam_088,sabre_v020,hex_127,0,88,10
"{'depth': 364, 'depth_ratio': 3.64, 'time': 160.20674395561218, 'cx_gates': 2283, 'num_gates': 2284}","{'depth': 9.0, 'depth_ratio': 0.09, 'time': 10.13, 'cx_gates': 373.5, 'num_gates': 373.5}",sabre_v020_look_010_beam_089,sabre_v020,hex_127,0,89,10
"{'depth': 364, 'depth_ratio': 3.64, 'time': 164.55677390098572, 'cx_gates': 2283, 'num_gates': 2284}","{'depth': 9.0, 'depth_ratio': 0.09, 'time': 11.23, 'cx_gates': 373.5, 'num_gates': 373.5}",sabre_v020_look_010_beam_090,sabre_v020,hex_127,0,90,10
"{'depth': 364, 'depth_ratio': 3.64, 'time': 167.24150443077087, 'cx_gates': 2283, 'num_gates': 2284}","{'depth': 9.0, 'depth_ratio': 0.09, 'time': 11.03, 'cx_gates': 373.5, 'num_gates': 373.5}",sabre_v020_look_010_beam_091,sabre_v020,hex_127,0,91,10
"{'depth': 382, 'depth_ratio': 3.82, 'time': 147.2091076374054, 'cx_gates': 1536, 'num_gates': 1537}","{'depth': 3.5, 'depth_ratio': 0.035, 'time': 13.02, 'cx_gates': 424.5, 'num_gates': 424.5}",sabre_v020_look_010_beam_092,sabre_v020,hex_127,0,92,10
"{'depth': 389, 'depth_ratio': 3.89, 'time': 176.85580563545227, 'cx_gates': 2385, 'num_gates': 2386}","{'depth': 2.5, 'depth_ratio': 0.025, 'time': 10.18, 'cx_gates': 376.5, 'num_gates': 376.5}",sabre_v020_look_010_beam_093,sabre_v020,hex_127,0,93,10
"{'depth': 389, 'depth_ratio': 3.89, 'time': 178.5696702003479, 'cx_gates': 2385, 'num_gates': 2386}","{'depth': 2.5, 'depth_ratio': 0.025, 'time': 10.25, 'cx_gates': 376.5, 'num_gates': 376.5}",sabre_v020_look_010_beam_094,sabre_v020,hex_127,0,94,10
"{'depth': 389, 'depth_ratio': 3.89, 'time': 183.2689185142517, 'cx_gates': 2385, 'num_gates': 2386}","{'depth': 2.5, 'depth_ratio': 0.025, 'time': 11.21, 'cx_gates': 376.5, 'num_gates': 376.5}",sabre_v020_look_010_beam_095,sabre_v020,hex_127,0,95,10
"{'depth': 389, 'depth_ratio': 3.89, 'time': 186.33458065986633, 'cx_gates': 2385, 'num_gates': 2386}","{'depth': 2.5, 'depth_ratio': 0.025, 'time': 11.7, 'cx_gates': 376.5, 'num_gates': 376.5}",sabre_v020_look_010_beam_096,sabre_v020,hex_127,0,96,10
"{'depth': 389, 'depth_ratio': 3.89, 'time': 189.82065320014954, 'cx_gates': 2385, 'num_gates': 2386}","{'depth': 2.5, 'depth_ratio': 0.025, 'time': 12.07, 'cx_gates': 376.5, 'num_gates': 376.5}",sabre_v020_look_010_beam_097,sabre_v020,hex_127,0,97,10
"{'depth': 389, 'depth_ratio': 3.89, 'time': 192.0231969356537, 'cx_gates': 2385, 'num_gates': 2386}","{'depth': 2.5, 'depth_ratio': 0.025, 'time': 11.29, 'cx_gates': 376.5, 'num_gates': 376.5}",sabre_v020_look_010_beam_098,sabre_v020,hex_127,0,98,10
"{'depth': 389, 'depth_ratio': 3.89, 'time': 195.83654069900513, 'cx_gates': 2382, 'num_gates': 2383}","{'depth': 2.5, 'depth_ratio': 0.025, 'time': 11.78, 'cx_gates': 375.0, 'num_gates': 375.0}",sabre_v020_look_010_beam_099,sabre_v020,hex_127,0,99,10
"{'depth': 389, 'depth_ratio': 3.89, 'time': 259.4504647254944, 'cx_gates': 2382, 'num_gates': 2383}","{'depth': 2.5, 'depth_ratio': 0.025, 'time': 39.14, 'cx_gates': 375.0, 'num_gates': 375.0}",sabre_v020_look_010_beam_101,sabre_v020,hex_127,0,101,10
"{'depth': 389, 'depth_ratio': 3.89, 'time': 299.7136731147766, 'cx_gates': 2382, 'num_gates': 2383}","{'depth': 2.5, 'depth_ratio': 0.025, 'time': 17.16, 'cx_gates': 375.0, 'num_gates': 375.0}",sabre_v020_look_010_beam_102,sabre_v020,hex_127,0,102,10
"{'depth': 389, 'depth_ratio': 3.89, 'time': 280.03313732147217, 'cx_gates': 2382, 'num_gates': 2383}","{'depth': 2.5, 'depth_ratio': 0.025, 'time': 5.464, 'cx_gates': 375.0, 'num_gates': 375.0}",sabre_v020_look_010_beam_103,sabre_v020,hex_127,0,103,10
"{'depth': 389, 'depth_ratio': 3.89, 'time': 311.14260244369507, 'cx_gates': 2382, 'num_gates': 2383}","{'depth': 2.5, 'depth_ratio': 0.025, 'time': 18.26, 'cx_gates': 375.0, 'num_gates': 375.0}",sabre_v020_look_010_beam_104,sabre_v020,hex_127,0,104,10
"{'depth': 389, 'depth_ratio': 3.89, 'time': 316.41576647758484, 'cx_gates': 2382, 'num_gates': 2383}","{'depth': 2.5, 'depth_ratio': 0.025, 'time': 18.31, 'cx_gates': 375.0, 'num_gates': 375.0}",sabre_v020_look_010_beam_105,sabre_v020,hex_127,0,105,10
"{'depth': 389, 'depth_ratio': 3.89, 'time': 324.68516874313354, 'cx_gates': 2382, 'num_gates': 2383}","{'depth': 2.5, 'depth_ratio': 0.025, 'time': 19.89, 'cx_gates': 375.0, 'num_gates': 375.0}",sabre_v020_look_010_beam_106,sabre_v020,hex_127,0,106,10
"{'depth': 389, 'depth_ratio': 3.89, 'time': 327.73256278038025, 'cx_gates': 2382, 'num_gates': 2383}","{'depth': 2.5, 'depth_ratio': 0.025, 'time': 18.86, 'cx_gates': 375.0, 'num_gates': 375.0}",sabre_v020_look_010_beam_107,sabre_v020,hex_127,0,107,10
"{'depth': 389, 'depth_ratio': 3.89, 'time': 332.63260674476624, 'cx_gates': 2382, 'num_gates': 2383}","{'depth': 2.5, 'depth_ratio': 0.025, 'time': 18.96, 'cx_gates': 375.0, 'num_gates': 375.0}",sabre_v020_look_010_beam_108,sabre_v020,hex_127,0,108,10
"{'depth': 389, 'depth_ratio': 3.89, 'time': 340.1898612976074, 'cx_gates': 2382, 'num_gates': 2383}","{'depth': 2.5, 'depth_ratio': 0.025, 'time': 17.71, 'cx_gates': 375.0, 'num_gates': 375.0}",sabre_v020_look_010_beam_109,sabre_v020,hex_127,0,109,10
"{'depth': 389, 'depth_ratio': 3.89, 'time': 341.81403970718384, 'cx_gates': 2382, 'num_gates': 2383}","{'depth': 2.5, 'depth_ratio': 0.025, 'time': 18.65, 'cx_gates': 375.0, 'num_gates': 375.0}",sabre_v020_look_010_beam_110,sabre_v020,hex_127,0,110,10
"{'depth': 389, 'depth_ratio': 3.89, 'time': 352.14045095443726, 'cx_gates': 2382, 'num_gates': 2383}","{'depth': 2.5, 'depth_ratio': 0.025, 'time': 20.42, 'cx_gates': 375.0, 'num_gates': 375.0}",sabre_v020_look_010_beam_111,sabre_v020,hex_127,0,111,10
"{'depth': 389, 'depth_ratio': 3.89, 'time': 353.17568922042847, 'cx_gates': 2382, 'num_gates': 2383}","{'depth': 2.5, 'depth_ratio': 0.025, 'time': 19.68, 'cx_gates': 375.0, 'num_gates': 375.0}",sabre_v020_look_010_beam_112,sabre_v020,hex_127,0,112,10
"{'depth': 389, 'depth_ratio': 3.89, 'time': 361.376727104187, 'cx_gates': 2382, 'num_gates': 2383}","{'depth': 2.5, 'depth_ratio': 0.025, 'time': 21.73, 'cx_gates': 375.0, 'num_gates': 375.0}",sabre_v020_look_010_beam_113,sabre_v020,hex_127,0,113,10
"{'depth': 389, 'depth_ratio': 3.89, 'time': 367.58841824531555, 'cx_gates': 2382, 'num_gates': 2383}","{'depth': 3.5, 'depth_ratio': 0.035, 'time': 22.78, 'cx_gates': 373.5, 'num_gates': 373.5}",sabre_v020_look_010_beam_114,sabre_v020,hex_127,0,114,10
"{'depth': 389, 'depth_ratio': 3.89, 'time': 367.26143050193787, 'cx_gates': 2382, 'num_gates': 2383}","{'depth': 3.5, 'depth_ratio': 0.035, 'time': 19.32, 'cx_gates': 373.5, 'num_gates': 373.5}",sabre_v020_look_010_beam_115,sabre_v020,hex_127,0,115,10
"{'depth': 389, 'depth_ratio': 3.89, 'time': 260.08514618873596, 'cx_gates': 2382, 'num_gates': 2383}","{'depth': 3.5, 'depth_ratio': 0.035, 'time': 2.978, 'cx_gates': 373.5, 'num_gates': 373.5}",sabre_v020_look_010_beam_116,sabre_v020,hex_127,0,116,10
"{'depth': 389, 'depth_ratio': 3.89, 'time': 266.0291645526886, 'cx_gates': 2382, 'num_gates': 2383}","{'depth': 3.5, 'depth_ratio': 0.035, 'time': 15.28, 'cx_gates': 373.5, 'num_gates': 373.5}",sabre_v020_look_010_beam_117,sabre_v020,hex_127,0,117,10
"{'depth': 389, 'depth_ratio': 3.89, 'time': 268.96482133865356, 'cx_gates': 2382, 'num_gates': 2383}","{'depth': 3.5, 'depth_ratio': 0.035, 'time': 15.17, 'cx_gates': 373.5, 'num_gates': 373.5}",sabre_v020_look_010_beam_118,sabre_v020,hex_127,0,118,10
"{'depth': 389, 'depth_ratio': 3.89, 'time': 271.2295479774475, 'cx_gates': 2382, 'num_gates': 2383}","{'depth': 3.5, 'depth_ratio': 0.035, 'time': 14.89, 'cx_gates': 373.5, 'num_gates': 373.5}",sabre_v020_look_010_beam_119,sabre_v020,hex_127,0,119,10
"{'depth': 389, 'depth_ratio': 3.89, 'time': 273.11944913864136, 'cx_gates': 2382, 'num_gates': 2383}","{'depth': 3.5, 'depth_ratio': 0.035, 'time': 15.21, 'cx_gates': 373.5, 'num_gates': 373.5}",sabre_v020_look_010_beam_120,sabre_v020,hex_127,0,120,10
"{'depth': 389, 'depth_ratio': 3.89, 'time': 278.2192814350128, 'cx_gates': 2382, 'num_gates': 2383}","{'depth': 3.5, 'depth_ratio': 0.035, 'time': 15.35, 'cx_gates': 373.5, 'num_gates': 373.5}",sabre_v020_look_010_beam_121,sabre_v020,hex_127,0,121,10
"{'depth': 389, 'depth_ratio': 3.89, 'time': 310.3694553375244, 'cx_gates': 2382, 'num_gates': 2383}","{'depth': 3.5, 'depth_ratio': 0.035, 'time': 27.27, 'cx_gates': 373.5, 'num_gates': 373.5}",sabre_v020_look_010_beam_122,sabre_v020,hex_127,0,122,10
"{'depth': 389, 'depth_ratio': 3.89, 'time': 345.2298266887665, 'cx_gates': 2370, 'num_gates': 2371}","{'depth': 3.5, 'depth_ratio': 0.035, 'time': 33.04, 'cx_gates': 367.5, 'num_gates': 367.5}",sabre_v020_look_010_beam_123,sabre_v020,hex_127,0,123,10
"{'depth': 389, 'depth_ratio': 3.89, 'time': 394.3208122253418, 'cx_gates': 2370, 'num_gates': 2371}","{'depth': 3.5, 'depth_ratio': 0.035, 'time': 22.92, 'cx_gates': 367.5, 'num_gates': 367.5}",sabre_v020_look_010_beam_124,sabre_v020,hex_127,0,124,10
"{'depth': 361, 'depth_ratio': 3.61, 'time': 379.2269608974457, 'cx_gates': 2379, 'num_gates': 2380}","{'depth': 17.5, 'depth_ratio': 0.175, 'time': 10.98, 'cx_gates': 372.0, 'num_gates': 372.0}",sabre_v020_look_010_beam_125,sabre_v020,hex_127,0,125,10
"{'depth': 361, 'depth_ratio': 3.61, 'time': 379.8387293815613, 'cx_gates': 2379, 'num_gates': 2380}","{'depth': 17.5, 'depth_ratio': 0.175, 'time': 19.88, 'cx_gates': 372.0, 'num_gates': 372.0}",sabre_v020_look_010_beam_126,sabre_v020,hex_127,0,126,10
"{'depth': 361, 'depth_ratio': 3.61, 'time': 386.62205815315247, 'cx_gates': 2379, 'num_gates': 2380}","{'depth': 17.5, 'depth_ratio': 0.175, 'time': 20.07, 'cx_gates': 372.0, 'num_gates': 372.0}",sabre_v020_look_010_beam_127,sabre_v020,hex_127,0,127,10
"{'depth': 361, 'depth_ratio': 3.61, 'time': 388.81609582901, 'cx_gates': 2379, 'num_gates': 2380}","{'depth': 17.5, 'depth_ratio': 0.175, 'time': 19.66, 'cx_gates': 372.0, 'num_gates': 372.0}",sabre_v020_look_010_beam_128,sabre_v020,hex_127,0,128,10
"{'depth': 361, 'depth_ratio': 3.61, 'time': 397.52917313575745, 'cx_gates': 2379, 'num_gates': 2380}","{'depth': 17.5, 'depth_ratio': 0.175, 'time': 21.36, 'cx_gates': 372.0, 'num_gates': 372.0}",sabre_v020_look_010_beam_129,sabre_v020,hex_127,0,129,10
"{'depth': 361, 'depth_ratio': 3.61, 'time': 406.31466245651245, 'cx_gates': 2379, 'num_gates': 2380}","{'depth': 17.5, 'depth_ratio': 0.175, 'time': 22.85, 'cx_gates': 372.0, 'num_gates': 372.0}",sabre_v020_look_010_beam_130,sabre_v020,hex_127,0,130,10
"{'depth': 361, 'depth_ratio': 3.61, 'time': 409.706964969635, 'cx_gates': 2379, 'num_gates': 2380}","{'depth': 17.5, 'depth_ratio': 0.175, 'time': 23.63, 'cx_gates': 372.0, 'num_gates': 372.0}",sabre_v020_look_010_beam_131,sabre_v020,hex_127,0,131,10
"{'depth': 361, 'depth_ratio': 3.61, 'time': 411.11626648902893, 'cx_gates': 2379, 'num_gates': 2380}","{'depth': 17.5, 'depth_ratio': 0.175, 'time': 21.69, 'cx_gates': 372.0, 'num_gates': 372.0}",sabre_v020_look_010_beam_132,sabre_v020,hex_127,0,132,10
"{'depth': 361, 'depth_ratio': 3.61, 'time': 414.5785574913025, 'cx_gates': 2379, 'num_gates': 2380}","{'depth': 17.5, 'depth_ratio': 0.175, 'time': 22.04, 'cx_gates': 372.0, 'num_gates': 372.0}",sabre_v020_look_010_beam_133,sabre_v020,hex_127,0,133,10
"{'depth': 361, 'depth_ratio': 3.61, 'time': 422.26436734199524, 'cx_gates': 2379, 'num_gates': 2380}","{'depth': 17.5, 'depth_ratio': 0.175, 'time': 22.33, 'cx_gates': 372.0, 'num_gates': 372.0}",sabre_v020_look_010_beam_134,sabre_v020,hex_127,0,134,10
"{'depth': 361, 'depth_ratio': 3.61, 'time': 425.2421658039093, 'cx_gates': 2379, 'num_gates': 2380}","{'depth': 17.5, 'depth_ratio': 0.175, 'time': 20.59, 'cx_gates': 372.0, 'num_gates': 372.0}",sabre_v020_look_010_beam_135,sabre_v020,hex_127,0,135,10
"{'depth': 361, 'depth_ratio': 3.61, 'time': 433.3572371006012, 'cx_gates': 2379, 'num_gates': 2380}","{'depth': 17.5, 'depth_ratio': 0.175, 'time': 22.48, 'cx_gates': 372.0, 'num_gates': 372.0}",sabre_v020_look_010_beam_136,sabre_v020,hex_127,0,136,10
"{'depth': 361, 'depth_ratio': 3.61, 'time': 435.4212865829468, 'cx_gates': 2379, 'num_gates': 2380}","{'depth': 17.5, 'depth_ratio': 0.175, 'time': 20.8, 'cx_gates': 372.0, 'num_gates': 372.0}",sabre_v020_look_010_beam_137,sabre_v020,hex_127,0,137,10
"{'depth': 393, 'depth_ratio': 3.93, 'time': 439.2013704776764, 'cx_gates': 2346, 'num_gates': 2347}","{'depth': 1.5, 'depth_ratio': 0.015, 'time': 20.99, 'cx_gates': 355.5, 'num_gates': 355.5}",sabre_v020_look_010_beam_138,sabre_v020,hex_127,0,138,10
"{'depth': 393, 'depth_ratio': 3.93, 'time': 419.0321855545044, 'cx_gates': 2346, 'num_gates': 2347}","{'depth': 1.5, 'depth_ratio': 0.015, 'time': 16.59, 'cx_gates': 355.5, 'num_gates': 355.5}",sabre_v020_look_010_beam_139,sabre_v020,hex_127,0,139,10
