best_data,std_dev,routing pass,layout pass,coupling map,circuit label,beam width,look ahead
"{'depth': 67, 'depth_ratio': 2.68, 'time': 0.06125211715698242, 'cx_gates': 219, 'num_gates': 220}","{'depth': 4.118, 'depth_ratio': 0.1647, 'time': 0.01273, 'cx_gates': 20.13, 'num_gates': 20.13}",sabre_v020_look_01_beam_010,sabre_v020,hex_27,0,10,1
"{'depth': 68, 'depth_ratio': 2.72, 'time': 0.11781501770019531, 'cx_gates': 207, 'num_gates': 208}","{'depth': 3.007, 'depth_ratio': 0.1203, 'time': 0.01658, 'cx_gates': 49.46, 'num_gates': 49.46}",sabre_v020_look_02_beam_010,sabre_v020,hex_27,0,10,2
"{'depth': 72, 'depth_ratio': 2.88, 'time': 0.30584716796875, 'cx_gates': 150, 'num_gates': 151}","{'depth': 2.4, 'depth_ratio': 0.096, 'time': 0.04519, 'cx_gates': 25.83, 'num_gates': 25.83}",sabre_v020_look_03_beam_010,sabre_v020,hex_27,0,10,3
"{'depth': 76, 'depth_ratio': 3.04, 'time': 0.2740819454193115, 'cx_gates': 81, 'num_gates': 82}","{'depth': 4.964, 'depth_ratio': 0.1986, 'time': 0.07972, 'cx_gates': 39.68, 'num_gates': 39.68}",sabre_v020_look_04_beam_010,sabre_v020,hex_27,0,10,4
"{'depth': 73, 'depth_ratio': 2.92, 'time': 0.5669581890106201, 'cx_gates': 126, 'num_gates': 127}","{'depth': 7.222, 'depth_ratio': 0.2889, 'time': 0.0771, 'cx_gates': 24.98, 'num_gates': 24.98}",sabre_v020_look_05_beam_010,sabre_v020,hex_27,0,10,5
"{'depth': 74, 'depth_ratio': 2.96, 'time': 0.4935441017150879, 'cx_gates': 78, 'num_gates': 79}","{'depth': 6.651, 'depth_ratio': 0.2661, 'time': 0.1277, 'cx_gates': 35.92, 'num_gates': 35.92}",sabre_v020_look_06_beam_010,sabre_v020,hex_27,0,10,6
"{'depth': 74, 'depth_ratio': 2.96, 'time': 0.613537073135376, 'cx_gates': 78, 'num_gates': 79}","{'depth': 2.577, 'depth_ratio': 0.1031, 'time': 0.147, 'cx_gates': 27.98, 'num_gates': 27.98}",sabre_v020_look_07_beam_010,sabre_v020,hex_27,0,10,7
"{'depth': 74, 'depth_ratio': 2.96, 'time': 0.7679440975189209, 'cx_gates': 78, 'num_gates': 79}","{'depth': 3.899, 'depth_ratio': 0.1559, 'time': 0.1731, 'cx_gates': 20.35, 'num_gates': 20.35}",sabre_v020_look_08_beam_010,sabre_v020,hex_27,0,10,8
"{'depth': 74, 'depth_ratio': 2.96, 'time': 0.8800950050354004, 'cx_gates': 78, 'num_gates': 79}","{'depth': 3.347, 'depth_ratio': 0.1339, 'time': 0.1933, 'cx_gates': 19.85, 'num_gates': 19.85}",sabre_v020_look_09_beam_010,sabre_v020,hex_27,0,10,9
"{'depth': 74, 'depth_ratio': 2.96, 'time': 0.993854284286499, 'cx_gates': 78, 'num_gates': 79}","{'depth': 2.191, 'depth_ratio': 0.08764, 'time': 0.3144, 'cx_gates': 38.76, 'num_gates': 38.76}",sabre_v020_look_010_beam_010,sabre_v020,hex_27,0,10,10
"{'depth': 74, 'depth_ratio': 2.96, 'time': 1.1187560558319092, 'cx_gates': 78, 'num_gates': 79}","{'depth': 4.05, 'depth_ratio': 0.162, 'time': 0.3677, 'cx_gates': 36.27, 'num_gates': 36.27}",sabre_v020_look_011_beam_010,sabre_v020,hex_27,0,10,11
"{'depth': 74, 'depth_ratio': 2.96, 'time': 1.1757111549377441, 'cx_gates': 78, 'num_gates': 79}","{'depth': 6.675, 'depth_ratio': 0.267, 'time': 0.4483, 'cx_gates': 35.12, 'num_gates': 35.12}",sabre_v020_look_012_beam_010,sabre_v020,hex_27,0,10,12
"{'depth': 74, 'depth_ratio': 2.96, 'time': 1.2867069244384766, 'cx_gates': 78, 'num_gates': 79}","{'depth': 2.577, 'depth_ratio': 0.1031, 'time': 0.5138, 'cx_gates': 39.92, 'num_gates': 39.92}",sabre_v020_look_013_beam_010,sabre_v020,hex_27,0,10,13
"{'depth': 74, 'depth_ratio': 2.96, 'time': 1.4321000576019287, 'cx_gates': 78, 'num_gates': 79}","{'depth': 3.311, 'depth_ratio': 0.1324, 'time': 0.57, 'cx_gates': 51.8, 'num_gates': 51.8}",sabre_v020_look_014_beam_010,sabre_v020,hex_27,0,10,14
"{'depth': 74, 'depth_ratio': 2.96, 'time': 1.3925952911376953, 'cx_gates': 78, 'num_gates': 79}","{'depth': 3.187, 'depth_ratio': 0.1275, 'time': 0.6009, 'cx_gates': 54.64, 'num_gates': 54.64}",sabre_v020_look_015_beam_010,sabre_v020,hex_27,0,10,15
"{'depth': 75, 'depth_ratio': 3.0, 'time': 2.0431158542633057, 'cx_gates': 75, 'num_gates': 76}","{'depth': 6.969, 'depth_ratio': 0.2787, 'time': 0.7703, 'cx_gates': 52.2, 'num_gates': 52.2}",sabre_v020_look_016_beam_010,sabre_v020,hex_27,0,10,16
"{'depth': 75, 'depth_ratio': 3.0, 'time': 2.201523780822754, 'cx_gates': 75, 'num_gates': 76}","{'depth': 3.899, 'depth_ratio': 0.1559, 'time': 0.8932, 'cx_gates': 60.91, 'num_gates': 60.91}",sabre_v020_look_017_beam_010,sabre_v020,hex_27,0,10,17
"{'depth': 75, 'depth_ratio': 3.0, 'time': 2.3973848819732666, 'cx_gates': 84, 'num_gates': 85}","{'depth': 4.224, 'depth_ratio': 0.1689, 'time': 1.02, 'cx_gates': 50.65, 'num_gates': 50.65}",sabre_v020_look_018_beam_010,sabre_v020,hex_27,0,10,18
"{'depth': 75, 'depth_ratio': 3.0, 'time': 2.3613057136535645, 'cx_gates': 84, 'num_gates': 85}","{'depth': 3.655, 'depth_ratio': 0.1462, 'time': 1.177, 'cx_gates': 50.86, 'num_gates': 50.86}",sabre_v020_look_019_beam_010,sabre_v020,hex_27,0,10,19
"{'depth': 75, 'depth_ratio': 3.0, 'time': 2.3867390155792236, 'cx_gates': 84, 'num_gates': 85}","{'depth': 3.311, 'depth_ratio': 0.1324, 'time': 1.26, 'cx_gates': 48.21, 'num_gates': 48.21}",sabre_v020_look_020_beam_010,sabre_v020,hex_27,0,10,20
"{'depth': 75, 'depth_ratio': 3.0, 'time': 1.019117832183838, 'cx_gates': 84, 'num_gates': 85}","{'depth': 1.47, 'depth_ratio': 0.05879, 'time': 1.476, 'cx_gates': 49.85, 'num_gates': 49.85}",sabre_v020_look_021_beam_010,sabre_v020,hex_27,0,10,21
"{'depth': 75, 'depth_ratio': 3.0, 'time': 1.1248469352722168, 'cx_gates': 84, 'num_gates': 85}","{'depth': 1.47, 'depth_ratio': 0.05879, 'time': 1.531, 'cx_gates': 49.85, 'num_gates': 49.85}",sabre_v020_look_022_beam_010,sabre_v020,hex_27,0,10,22
"{'depth': 76, 'depth_ratio': 3.04, 'time': 2.6249682903289795, 'cx_gates': 84, 'num_gates': 85}","{'depth': 1.2, 'depth_ratio': 0.048, 'time': 1.549, 'cx_gates': 51.28, 'num_gates': 51.28}",sabre_v020_look_023_beam_010,sabre_v020,hex_27,0,10,23
"{'depth': 76, 'depth_ratio': 3.04, 'time': 2.6576099395751953, 'cx_gates': 84, 'num_gates': 85}","{'depth': 1.2, 'depth_ratio': 0.048, 'time': 1.696, 'cx_gates': 51.28, 'num_gates': 51.28}",sabre_v020_look_024_beam_010,sabre_v020,hex_27,0,10,24
"{'depth': 76, 'depth_ratio': 3.04, 'time': 2.844561815261841, 'cx_gates': 84, 'num_gates': 85}","{'depth': 3.688, 'depth_ratio': 0.1475, 'time': 1.854, 'cx_gates': 59.74, 'num_gates': 59.74}",sabre_v020_look_025_beam_010,sabre_v020,hex_27,0,10,25
"{'depth': 75, 'depth_ratio': 3.0, 'time': 1.3823049068450928, 'cx_gates': 84, 'num_gates': 85}","{'depth': 3.868, 'depth_ratio': 0.1547, 'time': 1.977, 'cx_gates': 58.38, 'num_gates': 58.38}",sabre_v020_look_026_beam_010,sabre_v020,hex_27,0,10,26
"{'depth': 75, 'depth_ratio': 3.0, 'time': 1.4841132164001465, 'cx_gates': 84, 'num_gates': 85}","{'depth': 3.929, 'depth_ratio': 0.1572, 'time': 2.102, 'cx_gates': 57.19, 'num_gates': 57.19}",sabre_v020_look_027_beam_010,sabre_v020,hex_27,0,10,27
"{'depth': 76, 'depth_ratio': 3.04, 'time': 3.3789801597595215, 'cx_gates': 84, 'num_gates': 85}","{'depth': 3.72, 'depth_ratio': 0.1488, 'time': 2.207, 'cx_gates': 58.65, 'num_gates': 58.65}",sabre_v020_look_028_beam_010,sabre_v020,hex_27,0,10,28
"{'depth': 76, 'depth_ratio': 3.04, 'time': 3.5774667263031006, 'cx_gates': 84, 'num_gates': 85}","{'depth': 3.666, 'depth_ratio': 0.1466, 'time': 2.182, 'cx_gates': 49.89, 'num_gates': 49.89}",sabre_v020_look_029_beam_010,sabre_v020,hex_27,0,10,29
"{'depth': 76, 'depth_ratio': 3.04, 'time': 3.7700700759887695, 'cx_gates': 84, 'num_gates': 85}","{'depth': 3.666, 'depth_ratio': 0.1466, 'time': 2.303, 'cx_gates': 49.89, 'num_gates': 49.89}",sabre_v020_look_030_beam_010,sabre_v020,hex_27,0,10,30
"{'depth': 76, 'depth_ratio': 3.04, 'time': 3.9763269424438477, 'cx_gates': 84, 'num_gates': 85}","{'depth': 4.454, 'depth_ratio': 0.1782, 'time': 2.466, 'cx_gates': 70.75, 'num_gates': 70.75}",sabre_v020_look_031_beam_010,sabre_v020,hex_27,0,10,31
"{'depth': 76, 'depth_ratio': 3.04, 'time': 4.163475036621094, 'cx_gates': 84, 'num_gates': 85}","{'depth': 3.919, 'depth_ratio': 0.1568, 'time': 2.642, 'cx_gates': 69.31, 'num_gates': 69.31}",sabre_v020_look_032_beam_010,sabre_v020,hex_27,0,10,32
"{'depth': 76, 'depth_ratio': 3.04, 'time': 4.36446475982666, 'cx_gates': 84, 'num_gates': 85}","{'depth': 5.913, 'depth_ratio': 0.2365, 'time': 2.703, 'cx_gates': 57.91, 'num_gates': 57.91}",sabre_v020_look_033_beam_010,sabre_v020,hex_27,0,10,33
"{'depth': 75, 'depth_ratio': 3.0, 'time': 1.8312029838562012, 'cx_gates': 84, 'num_gates': 85}","{'depth': 5.851, 'depth_ratio': 0.2341, 'time': 2.755, 'cx_gates': 65.71, 'num_gates': 65.71}",sabre_v020_look_034_beam_010,sabre_v020,hex_27,0,10,34
"{'depth': 72, 'depth_ratio': 2.88, 'time': 9.16083312034607, 'cx_gates': 228, 'num_gates': 229}","{'depth': 6.591, 'depth_ratio': 0.2636, 'time': 2.773, 'cx_gates': 69.41, 'num_gates': 69.41}",sabre_v020_look_035_beam_010,sabre_v020,hex_27,0,10,35
"{'depth': 72, 'depth_ratio': 2.88, 'time': 9.574548959732056, 'cx_gates': 228, 'num_gates': 229}","{'depth': 6.591, 'depth_ratio': 0.2636, 'time': 2.92, 'cx_gates': 69.41, 'num_gates': 69.41}",sabre_v020_look_036_beam_010,sabre_v020,hex_27,0,10,36
"{'depth': 75, 'depth_ratio': 3.0, 'time': 2.1041958332061768, 'cx_gates': 84, 'num_gates': 85}","{'depth': 5.727, 'depth_ratio': 0.2291, 'time': 2.871, 'cx_gates': 62.37, 'num_gates': 62.37}",sabre_v020_look_037_beam_010,sabre_v020,hex_27,0,10,37
"{'depth': 75, 'depth_ratio': 3.0, 'time': 2.2046899795532227, 'cx_gates': 84, 'num_gates': 85}","{'depth': 5.727, 'depth_ratio': 0.2291, 'time': 2.953, 'cx_gates': 62.37, 'num_gates': 62.37}",sabre_v020_look_038_beam_010,sabre_v020,hex_27,0,10,38
"{'depth': 75, 'depth_ratio': 3.0, 'time': 2.293332099914551, 'cx_gates': 84, 'num_gates': 85}","{'depth': 5.426, 'depth_ratio': 0.217, 'time': 3.104, 'cx_gates': 62.37, 'num_gates': 62.37}",sabre_v020_look_039_beam_010,sabre_v020,hex_27,0,10,39
"{'depth': 74, 'depth_ratio': 2.96, 'time': 5.050633907318115, 'cx_gates': 84, 'num_gates': 85}","{'depth': 6.053, 'depth_ratio': 0.2421, 'time': 3.237, 'cx_gates': 62.37, 'num_gates': 62.37}",sabre_v020_look_040_beam_010,sabre_v020,hex_27,0,10,40
"{'depth': 74, 'depth_ratio': 2.96, 'time': 5.253222942352295, 'cx_gates': 84, 'num_gates': 85}","{'depth': 5.783, 'depth_ratio': 0.2313, 'time': 3.32, 'cx_gates': 63.49, 'num_gates': 63.49}",sabre_v020_look_041_beam_010,sabre_v020,hex_27,0,10,41
"{'depth': 74, 'depth_ratio': 2.96, 'time': 5.487669944763184, 'cx_gates': 84, 'num_gates': 85}","{'depth': 5.953, 'depth_ratio': 0.2381, 'time': 3.39, 'cx_gates': 62.77, 'num_gates': 62.77}",sabre_v020_look_042_beam_010,sabre_v020,hex_27,0,10,42
"{'depth': 74, 'depth_ratio': 2.96, 'time': 5.719583988189697, 'cx_gates': 84, 'num_gates': 85}","{'depth': 5.953, 'depth_ratio': 0.2381, 'time': 3.412, 'cx_gates': 62.77, 'num_gates': 62.77}",sabre_v020_look_043_beam_010,sabre_v020,hex_27,0,10,43
"{'depth': 74, 'depth_ratio': 2.96, 'time': 5.956892013549805, 'cx_gates': 84, 'num_gates': 85}","{'depth': 6.145, 'depth_ratio': 0.2458, 'time': 3.332, 'cx_gates': 55.07, 'num_gates': 55.07}",sabre_v020_look_044_beam_010,sabre_v020,hex_27,0,10,44
"{'depth': 74, 'depth_ratio': 2.96, 'time': 6.211513042449951, 'cx_gates': 84, 'num_gates': 85}","{'depth': 6.145, 'depth_ratio': 0.2458, 'time': 3.373, 'cx_gates': 55.07, 'num_gates': 55.07}",sabre_v020_look_045_beam_010,sabre_v020,hex_27,0,10,45
"{'depth': 73, 'depth_ratio': 2.92, 'time': 6.265204429626465, 'cx_gates': 72, 'num_gates': 73}","{'depth': 6.375, 'depth_ratio': 0.255, 'time': 3.503, 'cx_gates': 57.05, 'num_gates': 57.05}",sabre_v020_look_046_beam_010,sabre_v020,hex_27,0,10,46
"{'depth': 75, 'depth_ratio': 3.0, 'time': 3.115544080734253, 'cx_gates': 84, 'num_gates': 85}","{'depth': 5.571, 'depth_ratio': 0.2229, 'time': 3.572, 'cx_gates': 53.82, 'num_gates': 53.82}",sabre_v020_look_047_beam_010,sabre_v020,hex_27,0,10,47
"{'depth': 75, 'depth_ratio': 3.0, 'time': 3.2186379432678223, 'cx_gates': 84, 'num_gates': 85}","{'depth': 5.571, 'depth_ratio': 0.2229, 'time': 3.688, 'cx_gates': 53.82, 'num_gates': 53.82}",sabre_v020_look_048_beam_010,sabre_v020,hex_27,0,10,48
"{'depth': 75, 'depth_ratio': 3.0, 'time': 3.3281936645507812, 'cx_gates': 84, 'num_gates': 85}","{'depth': 5.571, 'depth_ratio': 0.2229, 'time': 3.794, 'cx_gates': 53.82, 'num_gates': 53.82}",sabre_v020_look_049_beam_010,sabre_v020,hex_27,0,10,49
"{'depth': 75, 'depth_ratio': 3.0, 'time': 3.4445040225982666, 'cx_gates': 84, 'num_gates': 85}","{'depth': 5.571, 'depth_ratio': 0.2229, 'time': 3.851, 'cx_gates': 53.82, 'num_gates': 53.82}",sabre_v020_look_050_beam_010,sabre_v020,hex_27,0,10,50
"{'depth': 75, 'depth_ratio': 3.0, 'time': 3.54919171333313, 'cx_gates': 84, 'num_gates': 85}","{'depth': 5.571, 'depth_ratio': 0.2229, 'time': 3.983, 'cx_gates': 53.82, 'num_gates': 53.82}",sabre_v020_look_051_beam_010,sabre_v020,hex_27,0,10,51
"{'depth': 74, 'depth_ratio': 2.96, 'time': 8.42234206199646, 'cx_gates': 96, 'num_gates': 97}","{'depth': 5.535, 'depth_ratio': 0.2214, 'time': 3.939, 'cx_gates': 54.56, 'num_gates': 54.56}",sabre_v020_look_052_beam_010,sabre_v020,hex_27,0,10,52
"{'depth': 74, 'depth_ratio': 2.96, 'time': 8.492390155792236, 'cx_gates': 96, 'num_gates': 97}","{'depth': 5.535, 'depth_ratio': 0.2214, 'time': 3.999, 'cx_gates': 54.56, 'num_gates': 54.56}",sabre_v020_look_053_beam_010,sabre_v020,hex_27,0,10,53
"{'depth': 74, 'depth_ratio': 2.96, 'time': 8.563415050506592, 'cx_gates': 96, 'num_gates': 97}","{'depth': 5.535, 'depth_ratio': 0.2214, 'time': 4.072, 'cx_gates': 54.56, 'num_gates': 54.56}",sabre_v020_look_054_beam_010,sabre_v020,hex_27,0,10,54
"{'depth': 75, 'depth_ratio': 3.0, 'time': 4.0297019481658936, 'cx_gates': 84, 'num_gates': 85}","{'depth': 4.899, 'depth_ratio': 0.196, 'time': 5.477, 'cx_gates': 66.83, 'num_gates': 66.83}",sabre_v020_look_055_beam_010,sabre_v020,hex_27,0,10,55
"{'depth': 75, 'depth_ratio': 3.0, 'time': 4.183917045593262, 'cx_gates': 84, 'num_gates': 85}","{'depth': 4.899, 'depth_ratio': 0.196, 'time': 5.62, 'cx_gates': 66.83, 'num_gates': 66.83}",sabre_v020_look_056_beam_010,sabre_v020,hex_27,0,10,56
"{'depth': 75, 'depth_ratio': 3.0, 'time': 4.288356304168701, 'cx_gates': 84, 'num_gates': 85}","{'depth': 4.899, 'depth_ratio': 0.196, 'time': 5.801, 'cx_gates': 66.83, 'num_gates': 66.83}",sabre_v020_look_057_beam_010,sabre_v020,hex_27,0,10,57
"{'depth': 75, 'depth_ratio': 3.0, 'time': 4.425004005432129, 'cx_gates': 84, 'num_gates': 85}","{'depth': 4.899, 'depth_ratio': 0.196, 'time': 5.95, 'cx_gates': 66.83, 'num_gates': 66.83}",sabre_v020_look_058_beam_010,sabre_v020,hex_27,0,10,58
"{'depth': 75, 'depth_ratio': 3.0, 'time': 4.544656991958618, 'cx_gates': 84, 'num_gates': 85}","{'depth': 4.899, 'depth_ratio': 0.196, 'time': 6.106, 'cx_gates': 66.83, 'num_gates': 66.83}",sabre_v020_look_059_beam_010,sabre_v020,hex_27,0,10,59
"{'depth': 75, 'depth_ratio': 3.0, 'time': 4.6699159145355225, 'cx_gates': 84, 'num_gates': 85}","{'depth': 4.899, 'depth_ratio': 0.196, 'time': 6.306, 'cx_gates': 66.83, 'num_gates': 66.83}",sabre_v020_look_060_beam_010,sabre_v020,hex_27,0,10,60
"{'depth': 75, 'depth_ratio': 3.0, 'time': 4.853988170623779, 'cx_gates': 84, 'num_gates': 85}","{'depth': 4.899, 'depth_ratio': 0.196, 'time': 6.593, 'cx_gates': 66.83, 'num_gates': 66.83}",sabre_v020_look_061_beam_010,sabre_v020,hex_27,0,10,61
"{'depth': 75, 'depth_ratio': 3.0, 'time': 4.959882020950317, 'cx_gates': 84, 'num_gates': 85}","{'depth': 4.899, 'depth_ratio': 0.196, 'time': 6.601, 'cx_gates': 66.83, 'num_gates': 66.83}",sabre_v020_look_062_beam_010,sabre_v020,hex_27,0,10,62
"{'depth': 75, 'depth_ratio': 3.0, 'time': 5.060716867446899, 'cx_gates': 84, 'num_gates': 85}","{'depth': 4.899, 'depth_ratio': 0.196, 'time': 6.705, 'cx_gates': 66.83, 'num_gates': 66.83}",sabre_v020_look_063_beam_010,sabre_v020,hex_27,0,10,63
"{'depth': 75, 'depth_ratio': 3.0, 'time': 5.208188772201538, 'cx_gates': 84, 'num_gates': 85}","{'depth': 4.899, 'depth_ratio': 0.196, 'time': 6.8, 'cx_gates': 66.83, 'num_gates': 66.83}",sabre_v020_look_064_beam_010,sabre_v020,hex_27,0,10,64
"{'depth': 75, 'depth_ratio': 3.0, 'time': 5.328135967254639, 'cx_gates': 84, 'num_gates': 85}","{'depth': 4.899, 'depth_ratio': 0.196, 'time': 6.897, 'cx_gates': 66.83, 'num_gates': 66.83}",sabre_v020_look_065_beam_010,sabre_v020,hex_27,0,10,65
"{'depth': 75, 'depth_ratio': 3.0, 'time': 5.441071033477783, 'cx_gates': 84, 'num_gates': 85}","{'depth': 4.899, 'depth_ratio': 0.196, 'time': 6.973, 'cx_gates': 66.83, 'num_gates': 66.83}",sabre_v020_look_066_beam_010,sabre_v020,hex_27,0,10,66
"{'depth': 75, 'depth_ratio': 3.0, 'time': 5.5976340770721436, 'cx_gates': 84, 'num_gates': 85}","{'depth': 4.899, 'depth_ratio': 0.196, 'time': 7.077, 'cx_gates': 66.83, 'num_gates': 66.83}",sabre_v020_look_067_beam_010,sabre_v020,hex_27,0,10,67
"{'depth': 75, 'depth_ratio': 3.0, 'time': 5.71607518196106, 'cx_gates': 84, 'num_gates': 85}","{'depth': 4.899, 'depth_ratio': 0.196, 'time': 7.161, 'cx_gates': 66.83, 'num_gates': 66.83}",sabre_v020_look_068_beam_010,sabre_v020,hex_27,0,10,68
"{'depth': 75, 'depth_ratio': 3.0, 'time': 5.870121955871582, 'cx_gates': 84, 'num_gates': 85}","{'depth': 5.122, 'depth_ratio': 0.2049, 'time': 5.299, 'cx_gates': 52.08, 'num_gates': 52.08}",sabre_v020_look_069_beam_010,sabre_v020,hex_27,0,10,69
"{'depth': 75, 'depth_ratio': 3.0, 'time': 6.057492971420288, 'cx_gates': 84, 'num_gates': 85}","{'depth': 5.122, 'depth_ratio': 0.2049, 'time': 182.5, 'cx_gates': 52.08, 'num_gates': 52.08}",sabre_v020_look_070_beam_010,sabre_v020,hex_27,0,10,70
"{'depth': 75, 'depth_ratio': 3.0, 'time': 6.160321950912476, 'cx_gates': 84, 'num_gates': 85}","{'depth': 5.122, 'depth_ratio': 0.2049, 'time': 5.318, 'cx_gates': 52.08, 'num_gates': 52.08}",sabre_v020_look_071_beam_010,sabre_v020,hex_27,0,10,71
"{'depth': 75, 'depth_ratio': 3.0, 'time': 6.307554006576538, 'cx_gates': 84, 'num_gates': 85}","{'depth': 5.122, 'depth_ratio': 0.2049, 'time': 5.336, 'cx_gates': 52.08, 'num_gates': 52.08}",sabre_v020_look_072_beam_010,sabre_v020,hex_27,0,10,72
"{'depth': 75, 'depth_ratio': 3.0, 'time': 6.444346904754639, 'cx_gates': 84, 'num_gates': 85}","{'depth': 2.154, 'depth_ratio': 0.08616, 'time': 5.866, 'cx_gates': 52.08, 'num_gates': 52.08}",sabre_v020_look_073_beam_010,sabre_v020,hex_27,0,10,73
"{'depth': 75, 'depth_ratio': 3.0, 'time': 6.60387396812439, 'cx_gates': 84, 'num_gates': 85}","{'depth': 2.154, 'depth_ratio': 0.08616, 'time': 5.848, 'cx_gates': 52.08, 'num_gates': 52.08}",sabre_v020_look_074_beam_010,sabre_v020,hex_27,0,10,74
"{'depth': 75, 'depth_ratio': 3.0, 'time': 6.772603988647461, 'cx_gates': 84, 'num_gates': 85}","{'depth': 4.4, 'depth_ratio': 0.176, 'time': 5.354, 'cx_gates': 47.43, 'num_gates': 47.43}",sabre_v020_look_075_beam_010,sabre_v020,hex_27,0,10,75
"{'depth': 75, 'depth_ratio': 3.0, 'time': 6.898725986480713, 'cx_gates': 84, 'num_gates': 85}","{'depth': 4.4, 'depth_ratio': 0.176, 'time': 5.458, 'cx_gates': 47.43, 'num_gates': 47.43}",sabre_v020_look_076_beam_010,sabre_v020,hex_27,0,10,76
"{'depth': 75, 'depth_ratio': 3.0, 'time': 7.049413204193115, 'cx_gates': 84, 'num_gates': 85}","{'depth': 4.4, 'depth_ratio': 0.176, 'time': 5.562, 'cx_gates': 47.43, 'num_gates': 47.43}",sabre_v020_look_077_beam_010,sabre_v020,hex_27,0,10,77
"{'depth': 75, 'depth_ratio': 3.0, 'time': 7.165271997451782, 'cx_gates': 84, 'num_gates': 85}","{'depth': 4.4, 'depth_ratio': 0.176, 'time': 5.761, 'cx_gates': 47.43, 'num_gates': 47.43}",sabre_v020_look_078_beam_010,sabre_v020,hex_27,0,10,78
"{'depth': 75, 'depth_ratio': 3.0, 'time': 23.180673122406006, 'cx_gates': 126, 'num_gates': 127}","{'depth': 4.4, 'depth_ratio': 0.176, 'time': 6.456, 'cx_gates': 46.11, 'num_gates': 46.11}",sabre_v020_look_079_beam_010,sabre_v020,hex_27,0,10,79
"{'depth': 75, 'depth_ratio': 3.0, 'time': 23.377926111221313, 'cx_gates': 126, 'num_gates': 127}","{'depth': 2.059, 'depth_ratio': 0.08237, 'time': 5.342, 'cx_gates': 37.87, 'num_gates': 37.87}",sabre_v020_look_080_beam_010,sabre_v020,hex_27,0,10,80
"{'depth': 75, 'depth_ratio': 3.0, 'time': 23.513192176818848, 'cx_gates': 126, 'num_gates': 127}","{'depth': 2.28, 'depth_ratio': 0.09121, 'time': 5.852, 'cx_gates': 37.45, 'num_gates': 37.45}",sabre_v020_look_081_beam_010,sabre_v020,hex_27,0,10,81
"{'depth': 75, 'depth_ratio': 3.0, 'time': 23.66387367248535, 'cx_gates': 126, 'num_gates': 127}","{'depth': 2.28, 'depth_ratio': 0.09121, 'time': 5.874, 'cx_gates': 37.45, 'num_gates': 37.45}",sabre_v020_look_082_beam_010,sabre_v020,hex_27,0,10,82
"{'depth': 75, 'depth_ratio': 3.0, 'time': 23.816663026809692, 'cx_gates': 126, 'num_gates': 127}","{'depth': 2.28, 'depth_ratio': 0.09121, 'time': 5.915, 'cx_gates': 37.45, 'num_gates': 37.45}",sabre_v020_look_083_beam_010,sabre_v020,hex_27,0,10,83
"{'depth': 75, 'depth_ratio': 3.0, 'time': 23.933583974838257, 'cx_gates': 126, 'num_gates': 127}","{'depth': 2.28, 'depth_ratio': 0.09121, 'time': 5.924, 'cx_gates': 37.45, 'num_gates': 37.45}",sabre_v020_look_084_beam_010,sabre_v020,hex_27,0,10,84
"{'depth': 75, 'depth_ratio': 3.0, 'time': 24.14652395248413, 'cx_gates': 126, 'num_gates': 127}","{'depth': 2.28, 'depth_ratio': 0.09121, 'time': 5.977, 'cx_gates': 37.45, 'num_gates': 37.45}",sabre_v020_look_085_beam_010,sabre_v020,hex_27,0,10,85
"{'depth': 75, 'depth_ratio': 3.0, 'time': 24.104572057724, 'cx_gates': 126, 'num_gates': 127}","{'depth': 2.28, 'depth_ratio': 0.09121, 'time': 5.967, 'cx_gates': 37.45, 'num_gates': 37.45}",sabre_v020_look_086_beam_010,sabre_v020,hex_27,0,10,86
"{'depth': 75, 'depth_ratio': 3.0, 'time': 24.474339962005615, 'cx_gates': 126, 'num_gates': 127}","{'depth': 2.28, 'depth_ratio': 0.09121, 'time': 6.057, 'cx_gates': 37.45, 'num_gates': 37.45}",sabre_v020_look_087_beam_010,sabre_v020,hex_27,0,10,87
"{'depth': 75, 'depth_ratio': 3.0, 'time': 24.81839895248413, 'cx_gates': 126, 'num_gates': 127}","{'depth': 2.28, 'depth_ratio': 0.09121, 'time': 6.128, 'cx_gates': 37.45, 'num_gates': 37.45}",sabre_v020_look_088_beam_010,sabre_v020,hex_27,0,10,88
"{'depth': 75, 'depth_ratio': 3.0, 'time': 25.22898292541504, 'cx_gates': 126, 'num_gates': 127}","{'depth': 2.28, 'depth_ratio': 0.09121, 'time': 6.234, 'cx_gates': 37.45, 'num_gates': 37.45}",sabre_v020_look_089_beam_010,sabre_v020,hex_27,0,10,89
"{'depth': 75, 'depth_ratio': 3.0, 'time': 25.57182478904724, 'cx_gates': 126, 'num_gates': 127}","{'depth': 2.28, 'depth_ratio': 0.09121, 'time': 6.321, 'cx_gates': 37.45, 'num_gates': 37.45}",sabre_v020_look_090_beam_010,sabre_v020,hex_27,0,10,90
"{'depth': 75, 'depth_ratio': 3.0, 'time': 25.924946784973145, 'cx_gates': 126, 'num_gates': 127}","{'depth': 2.28, 'depth_ratio': 0.09121, 'time': 6.41, 'cx_gates': 37.45, 'num_gates': 37.45}",sabre_v020_look_091_beam_010,sabre_v020,hex_27,0,10,91
"{'depth': 75, 'depth_ratio': 3.0, 'time': 26.328647136688232, 'cx_gates': 126, 'num_gates': 127}","{'depth': 2.28, 'depth_ratio': 0.09121, 'time': 6.499, 'cx_gates': 37.45, 'num_gates': 37.45}",sabre_v020_look_092_beam_010,sabre_v020,hex_27,0,10,92
"{'depth': 75, 'depth_ratio': 3.0, 'time': 66.8615870475769, 'cx_gates': 126, 'num_gates': 127}","{'depth': 2.28, 'depth_ratio': 0.09121, 'time': 21.5, 'cx_gates': 37.45, 'num_gates': 37.45}",sabre_v020_look_093_beam_010,sabre_v020,hex_27,0,10,93
"{'depth': 75, 'depth_ratio': 3.0, 'time': 27.44430112838745, 'cx_gates': 126, 'num_gates': 127}","{'depth': 2.28, 'depth_ratio': 0.09121, 'time': 6.791, 'cx_gates': 37.45, 'num_gates': 37.45}",sabre_v020_look_094_beam_010,sabre_v020,hex_27,0,10,94
"{'depth': 75, 'depth_ratio': 3.0, 'time': 27.384334087371826, 'cx_gates': 126, 'num_gates': 127}","{'depth': 2.28, 'depth_ratio': 0.09121, 'time': 6.722, 'cx_gates': 37.45, 'num_gates': 37.45}",sabre_v020_look_095_beam_010,sabre_v020,hex_27,0,10,95
"{'depth': 75, 'depth_ratio': 3.0, 'time': 27.778486013412476, 'cx_gates': 126, 'num_gates': 127}","{'depth': 2.28, 'depth_ratio': 0.09121, 'time': 6.849, 'cx_gates': 37.45, 'num_gates': 37.45}",sabre_v020_look_096_beam_010,sabre_v020,hex_27,0,10,96
"{'depth': 75, 'depth_ratio': 3.0, 'time': 28.112582206726074, 'cx_gates': 126, 'num_gates': 127}","{'depth': 2.28, 'depth_ratio': 0.09121, 'time': 6.931, 'cx_gates': 37.45, 'num_gates': 37.45}",sabre_v020_look_097_beam_010,sabre_v020,hex_27,0,10,97
"{'depth': 75, 'depth_ratio': 3.0, 'time': 28.508415937423706, 'cx_gates': 126, 'num_gates': 127}","{'depth': 2.28, 'depth_ratio': 0.09121, 'time': 7.026, 'cx_gates': 37.45, 'num_gates': 37.45}",sabre_v020_look_098_beam_010,sabre_v020,hex_27,0,10,98
"{'depth': 75, 'depth_ratio': 3.0, 'time': 28.856229066848755, 'cx_gates': 126, 'num_gates': 127}","{'depth': 2.28, 'depth_ratio': 0.09121, 'time': 7.113, 'cx_gates': 37.45, 'num_gates': 37.45}",sabre_v020_look_099_beam_010,sabre_v020,hex_27,0,10,99
"{'depth': 75, 'depth_ratio': 3.0, 'time': 29.406723976135254, 'cx_gates': 126, 'num_gates': 127}","{'depth': 2.28, 'depth_ratio': 0.09121, 'time': 7.095, 'cx_gates': 37.45, 'num_gates': 37.45}",sabre_v020_look_0100_beam_010,sabre_v020,hex_27,0,10,100
"{'depth': 75, 'depth_ratio': 3.0, 'time': 29.81379199028015, 'cx_gates': 126, 'num_gates': 127}","{'depth': 2.28, 'depth_ratio': 0.09121, 'time': 7.346, 'cx_gates': 37.45, 'num_gates': 37.45}",sabre_v020_look_0101_beam_010,sabre_v020,hex_27,0,10,101
"{'depth': 75, 'depth_ratio': 3.0, 'time': 30.553494930267334, 'cx_gates': 126, 'num_gates': 127}","{'depth': 2.28, 'depth_ratio': 0.09121, 'time': 7.591, 'cx_gates': 37.45, 'num_gates': 37.45}",sabre_v020_look_0102_beam_010,sabre_v020,hex_27,0,10,102
"{'depth': 75, 'depth_ratio': 3.0, 'time': 30.531340837478638, 'cx_gates': 126, 'num_gates': 127}","{'depth': 2.28, 'depth_ratio': 0.09121, 'time': 7.45, 'cx_gates': 37.45, 'num_gates': 37.45}",sabre_v020_look_0103_beam_010,sabre_v020,hex_27,0,10,103
"{'depth': 75, 'depth_ratio': 3.0, 'time': 30.938892126083374, 'cx_gates': 126, 'num_gates': 127}","{'depth': 2.28, 'depth_ratio': 0.09121, 'time': 7.614, 'cx_gates': 37.45, 'num_gates': 37.45}",sabre_v020_look_0104_beam_010,sabre_v020,hex_27,0,10,104
"{'depth': 75, 'depth_ratio': 3.0, 'time': 31.311455965042114, 'cx_gates': 126, 'num_gates': 127}","{'depth': 2.28, 'depth_ratio': 0.09121, 'time': 7.707, 'cx_gates': 37.45, 'num_gates': 37.45}",sabre_v020_look_0105_beam_010,sabre_v020,hex_27,0,10,105
"{'depth': 75, 'depth_ratio': 3.0, 'time': 31.62927794456482, 'cx_gates': 126, 'num_gates': 127}","{'depth': 2.28, 'depth_ratio': 0.09121, 'time': 7.783, 'cx_gates': 37.45, 'num_gates': 37.45}",sabre_v020_look_0106_beam_010,sabre_v020,hex_27,0,10,106
"{'depth': 75, 'depth_ratio': 3.0, 'time': 32.017894983291626, 'cx_gates': 126, 'num_gates': 127}","{'depth': 2.28, 'depth_ratio': 0.09121, 'time': 7.888, 'cx_gates': 37.45, 'num_gates': 37.45}",sabre_v020_look_0107_beam_010,sabre_v020,hex_27,0,10,107
"{'depth': 75, 'depth_ratio': 3.0, 'time': 32.4134259223938, 'cx_gates': 126, 'num_gates': 127}","{'depth': 2.28, 'depth_ratio': 0.09121, 'time': 7.972, 'cx_gates': 37.45, 'num_gates': 37.45}",sabre_v020_look_0108_beam_010,sabre_v020,hex_27,0,10,108
"{'depth': 75, 'depth_ratio': 3.0, 'time': 223.54154181480408, 'cx_gates': 126, 'num_gates': 127}","{'depth': 2.28, 'depth_ratio': 0.09121, 'time': 82.6, 'cx_gates': 37.45, 'num_gates': 37.45}",sabre_v020_look_0109_beam_010,sabre_v020,hex_27,0,10,109
"{'depth': 75, 'depth_ratio': 3.0, 'time': 33.08059215545654, 'cx_gates': 126, 'num_gates': 127}","{'depth': 2.28, 'depth_ratio': 0.09121, 'time': 8.096, 'cx_gates': 37.45, 'num_gates': 37.45}",sabre_v020_look_0110_beam_010,sabre_v020,hex_27,0,10,110
"{'depth': 75, 'depth_ratio': 3.0, 'time': 34.311264991760254, 'cx_gates': 126, 'num_gates': 127}","{'depth': 2.28, 'depth_ratio': 0.09121, 'time': 8.498, 'cx_gates': 37.45, 'num_gates': 37.45}",sabre_v020_look_0111_beam_010,sabre_v020,hex_27,0,10,111
"{'depth': 75, 'depth_ratio': 3.0, 'time': 33.90476584434509, 'cx_gates': 126, 'num_gates': 127}","{'depth': 2.28, 'depth_ratio': 0.09121, 'time': 8.187, 'cx_gates': 37.45, 'num_gates': 37.45}",sabre_v020_look_0112_beam_010,sabre_v020,hex_27,0,10,112
"{'depth': 75, 'depth_ratio': 3.0, 'time': 33.967737913131714, 'cx_gates': 126, 'num_gates': 127}","{'depth': 2.28, 'depth_ratio': 0.09121, 'time': 8.321, 'cx_gates': 37.45, 'num_gates': 37.45}",sabre_v020_look_0113_beam_010,sabre_v020,hex_27,0,10,113
"{'depth': 75, 'depth_ratio': 3.0, 'time': 34.641993045806885, 'cx_gates': 126, 'num_gates': 127}","{'depth': 2.28, 'depth_ratio': 0.09121, 'time': 8.593, 'cx_gates': 37.45, 'num_gates': 37.45}",sabre_v020_look_0114_beam_010,sabre_v020,hex_27,0,10,114
"{'depth': 75, 'depth_ratio': 3.0, 'time': 35.239601850509644, 'cx_gates': 126, 'num_gates': 127}","{'depth': 2.28, 'depth_ratio': 0.09121, 'time': 8.616, 'cx_gates': 37.45, 'num_gates': 37.45}",sabre_v020_look_0115_beam_010,sabre_v020,hex_27,0,10,115
"{'depth': 75, 'depth_ratio': 3.0, 'time': 35.267274141311646, 'cx_gates': 126, 'num_gates': 127}","{'depth': 2.28, 'depth_ratio': 0.09121, 'time': 8.572, 'cx_gates': 37.45, 'num_gates': 37.45}",sabre_v020_look_0116_beam_010,sabre_v020,hex_27,0,10,116
"{'depth': 75, 'depth_ratio': 3.0, 'time': 35.451051235198975, 'cx_gates': 126, 'num_gates': 127}","{'depth': 2.28, 'depth_ratio': 0.09121, 'time': 8.675, 'cx_gates': 37.45, 'num_gates': 37.45}",sabre_v020_look_0117_beam_010,sabre_v020,hex_27,0,10,117
"{'depth': 75, 'depth_ratio': 3.0, 'time': 35.80588221549988, 'cx_gates': 126, 'num_gates': 127}","{'depth': 2.28, 'depth_ratio': 0.09121, 'time': 8.776, 'cx_gates': 37.45, 'num_gates': 37.45}",sabre_v020_look_0118_beam_010,sabre_v020,hex_27,0,10,118
"{'depth': 75, 'depth_ratio': 3.0, 'time': 36.63379096984863, 'cx_gates': 126, 'num_gates': 127}","{'depth': 2.28, 'depth_ratio': 0.09121, 'time': 9.012, 'cx_gates': 37.45, 'num_gates': 37.45}",sabre_v020_look_0119_beam_010,sabre_v020,hex_27,0,10,119
"{'depth': 75, 'depth_ratio': 3.0, 'time': 36.653038024902344, 'cx_gates': 126, 'num_gates': 127}","{'depth': 2.28, 'depth_ratio': 0.09121, 'time': 9.062, 'cx_gates': 37.45, 'num_gates': 37.45}",sabre_v020_look_0120_beam_010,sabre_v020,hex_27,0,10,120
"{'depth': 75, 'depth_ratio': 3.0, 'time': 37.038784980773926, 'cx_gates': 126, 'num_gates': 127}","{'depth': 2.28, 'depth_ratio': 0.09121, 'time': 9.078, 'cx_gates': 37.45, 'num_gates': 37.45}",sabre_v020_look_0121_beam_010,sabre_v020,hex_27,0,10,121
"{'depth': 75, 'depth_ratio': 3.0, 'time': 37.44773888587952, 'cx_gates': 126, 'num_gates': 127}","{'depth': 2.28, 'depth_ratio': 0.09121, 'time': 9.171, 'cx_gates': 37.45, 'num_gates': 37.45}",sabre_v020_look_0122_beam_010,sabre_v020,hex_27,0,10,122
"{'depth': 75, 'depth_ratio': 3.0, 'time': 37.75487184524536, 'cx_gates': 126, 'num_gates': 127}","{'depth': 2.28, 'depth_ratio': 0.09121, 'time': 9.237, 'cx_gates': 37.45, 'num_gates': 37.45}",sabre_v020_look_0123_beam_010,sabre_v020,hex_27,0,10,123
"{'depth': 75, 'depth_ratio': 3.0, 'time': 38.08593988418579, 'cx_gates': 126, 'num_gates': 127}","{'depth': 2.28, 'depth_ratio': 0.09121, 'time': 9.301, 'cx_gates': 37.45, 'num_gates': 37.45}",sabre_v020_look_0124_beam_010,sabre_v020,hex_27,0,10,124
"{'depth': 75, 'depth_ratio': 3.0, 'time': 38.503039836883545, 'cx_gates': 126, 'num_gates': 127}","{'depth': 2.28, 'depth_ratio': 0.09121, 'time': 9.356, 'cx_gates': 37.45, 'num_gates': 37.45}",sabre_v020_look_0125_beam_010,sabre_v020,hex_27,0,10,125
"{'depth': 75, 'depth_ratio': 3.0, 'time': 38.77240991592407, 'cx_gates': 126, 'num_gates': 127}","{'depth': 2.28, 'depth_ratio': 0.09121, 'time': 9.458, 'cx_gates': 37.45, 'num_gates': 37.45}",sabre_v020_look_0126_beam_010,sabre_v020,hex_27,0,10,126
"{'depth': 75, 'depth_ratio': 3.0, 'time': 39.527034759521484, 'cx_gates': 126, 'num_gates': 127}","{'depth': 2.28, 'depth_ratio': 0.09121, 'time': 9.705, 'cx_gates': 37.45, 'num_gates': 37.45}",sabre_v020_look_0127_beam_010,sabre_v020,hex_27,0,10,127
"{'depth': 75, 'depth_ratio': 3.0, 'time': 39.639657974243164, 'cx_gates': 126, 'num_gates': 127}","{'depth': 2.28, 'depth_ratio': 0.09121, 'time': 9.637, 'cx_gates': 37.45, 'num_gates': 37.45}",sabre_v020_look_0128_beam_010,sabre_v020,hex_27,0,10,128
"{'depth': 75, 'depth_ratio': 3.0, 'time': 40.04652118682861, 'cx_gates': 126, 'num_gates': 127}","{'depth': 2.28, 'depth_ratio': 0.09121, 'time': 9.817, 'cx_gates': 37.45, 'num_gates': 37.45}",sabre_v020_look_0129_beam_010,sabre_v020,hex_27,0,10,129
"{'depth': 75, 'depth_ratio': 3.0, 'time': 40.701075077056885, 'cx_gates': 126, 'num_gates': 127}","{'depth': 2.28, 'depth_ratio': 0.09121, 'time': 9.97, 'cx_gates': 37.45, 'num_gates': 37.45}",sabre_v020_look_0130_beam_010,sabre_v020,hex_27,0,10,130
"{'depth': 75, 'depth_ratio': 3.0, 'time': 41.046489000320435, 'cx_gates': 126, 'num_gates': 127}","{'depth': 2.28, 'depth_ratio': 0.09121, 'time': 9.978, 'cx_gates': 37.45, 'num_gates': 37.45}",sabre_v020_look_0131_beam_010,sabre_v020,hex_27,0,10,131
"{'depth': 75, 'depth_ratio': 3.0, 'time': 41.01241683959961, 'cx_gates': 126, 'num_gates': 127}","{'depth': 2.28, 'depth_ratio': 0.09121, 'time': 10.0, 'cx_gates': 37.45, 'num_gates': 37.45}",sabre_v020_look_0132_beam_010,sabre_v020,hex_27,0,10,132
"{'depth': 75, 'depth_ratio': 3.0, 'time': 41.48554611206055, 'cx_gates': 126, 'num_gates': 127}","{'depth': 2.28, 'depth_ratio': 0.09121, 'time': 10.18, 'cx_gates': 37.45, 'num_gates': 37.45}",sabre_v020_look_0133_beam_010,sabre_v020,hex_27,0,10,133
"{'depth': 75, 'depth_ratio': 3.0, 'time': 41.75734090805054, 'cx_gates': 126, 'num_gates': 127}","{'depth': 2.28, 'depth_ratio': 0.09121, 'time': 10.18, 'cx_gates': 37.45, 'num_gates': 37.45}",sabre_v020_look_0134_beam_010,sabre_v020,hex_27,0,10,134
"{'depth': 75, 'depth_ratio': 3.0, 'time': 42.233675956726074, 'cx_gates': 126, 'num_gates': 127}","{'depth': 2.28, 'depth_ratio': 0.09121, 'time': 10.32, 'cx_gates': 37.45, 'num_gates': 37.45}",sabre_v020_look_0135_beam_010,sabre_v020,hex_27,0,10,135
"{'depth': 75, 'depth_ratio': 3.0, 'time': 42.61368489265442, 'cx_gates': 126, 'num_gates': 127}","{'depth': 2.28, 'depth_ratio': 0.09121, 'time': 10.37, 'cx_gates': 37.45, 'num_gates': 37.45}",sabre_v020_look_0136_beam_010,sabre_v020,hex_27,0,10,136
"{'depth': 75, 'depth_ratio': 3.0, 'time': 43.4018759727478, 'cx_gates': 126, 'num_gates': 127}","{'depth': 2.28, 'depth_ratio': 0.09121, 'time': 10.61, 'cx_gates': 37.45, 'num_gates': 37.45}",sabre_v020_look_0137_beam_010,sabre_v020,hex_27,0,10,137
"{'depth': 75, 'depth_ratio': 3.0, 'time': 43.31631112098694, 'cx_gates': 126, 'num_gates': 127}","{'depth': 2.28, 'depth_ratio': 0.09121, 'time': 10.54, 'cx_gates': 37.45, 'num_gates': 37.45}",sabre_v020_look_0138_beam_010,sabre_v020,hex_27,0,10,138
"{'depth': 75, 'depth_ratio': 3.0, 'time': 43.63474774360657, 'cx_gates': 126, 'num_gates': 127}","{'depth': 2.28, 'depth_ratio': 0.09121, 'time': 10.64, 'cx_gates': 37.45, 'num_gates': 37.45}",sabre_v020_look_0139_beam_010,sabre_v020,hex_27,0,10,139
"{'depth': 75, 'depth_ratio': 3.0, 'time': 44.1043860912323, 'cx_gates': 126, 'num_gates': 127}","{'depth': 2.28, 'depth_ratio': 0.09121, 'time': 10.79, 'cx_gates': 37.45, 'num_gates': 37.45}",sabre_v020_look_0140_beam_010,sabre_v020,hex_27,0,10,140
"{'depth': 75, 'depth_ratio': 3.0, 'time': 45.01014685630798, 'cx_gates': 126, 'num_gates': 127}","{'depth': 2.28, 'depth_ratio': 0.09121, 'time': 11.0, 'cx_gates': 37.45, 'num_gates': 37.45}",sabre_v020_look_0141_beam_010,sabre_v020,hex_27,0,10,141
"{'depth': 75, 'depth_ratio': 3.0, 'time': 45.67058992385864, 'cx_gates': 126, 'num_gates': 127}","{'depth': 2.28, 'depth_ratio': 0.09121, 'time': 11.7, 'cx_gates': 37.45, 'num_gates': 37.45}",sabre_v020_look_0142_beam_010,sabre_v020,hex_27,0,10,142
"{'depth': 75, 'depth_ratio': 3.0, 'time': 45.48829698562622, 'cx_gates': 126, 'num_gates': 127}","{'depth': 2.28, 'depth_ratio': 0.09121, 'time': 10.74, 'cx_gates': 37.45, 'num_gates': 37.45}",sabre_v020_look_0143_beam_010,sabre_v020,hex_27,0,10,143
"{'depth': 75, 'depth_ratio': 3.0, 'time': 45.79068875312805, 'cx_gates': 126, 'num_gates': 127}","{'depth': 2.28, 'depth_ratio': 0.09121, 'time': 11.13, 'cx_gates': 37.45, 'num_gates': 37.45}",sabre_v020_look_0144_beam_010,sabre_v020,hex_27,0,10,144
"{'depth': 75, 'depth_ratio': 3.0, 'time': 46.28945207595825, 'cx_gates': 126, 'num_gates': 127}","{'depth': 2.28, 'depth_ratio': 0.09121, 'time': 11.26, 'cx_gates': 37.45, 'num_gates': 37.45}",sabre_v020_look_0145_beam_010,sabre_v020,hex_27,0,10,145
"{'depth': 75, 'depth_ratio': 3.0, 'time': 46.615236043930054, 'cx_gates': 126, 'num_gates': 127}","{'depth': 2.28, 'depth_ratio': 0.09121, 'time': 11.32, 'cx_gates': 37.45, 'num_gates': 37.45}",sabre_v020_look_0146_beam_010,sabre_v020,hex_27,0,10,146
"{'depth': 75, 'depth_ratio': 3.0, 'time': 972.172933101654, 'cx_gates': 126, 'num_gates': 127}","{'depth': 2.28, 'depth_ratio': 0.09121, 'time': 464.1, 'cx_gates': 37.45, 'num_gates': 37.45}",sabre_v020_look_0147_beam_010,sabre_v020,hex_27,0,10,147
"{'depth': 75, 'depth_ratio': 3.0, 'time': 217.96465015411377, 'cx_gates': 126, 'num_gates': 127}","{'depth': 2.28, 'depth_ratio': 0.09121, 'time': 365.4, 'cx_gates': 37.45, 'num_gates': 37.45}",sabre_v020_look_0148_beam_010,sabre_v020,hex_27,0,10,148
"{'depth': 75, 'depth_ratio': 3.0, 'time': 55.68399119377136, 'cx_gates': 126, 'num_gates': 127}","{'depth': 2.28, 'depth_ratio': 0.09121, 'time': 15.39, 'cx_gates': 37.45, 'num_gates': 37.45}",sabre_v020_look_0149_beam_010,sabre_v020,hex_27,0,10,149
"{'depth': 75, 'depth_ratio': 3.0, 'time': 1010.088084936142, 'cx_gates': 126, 'num_gates': 127}","{'depth': 2.28, 'depth_ratio': 0.09121, 'time': 391.3, 'cx_gates': 37.45, 'num_gates': 37.45}",sabre_v020_look_0150_beam_010,sabre_v020,hex_27,0,10,150
"{'depth': 75, 'depth_ratio': 3.0, 'time': 57.244012117385864, 'cx_gates': 126, 'num_gates': 127}","{'depth': 2.28, 'depth_ratio': 0.09121, 'time': 15.13, 'cx_gates': 37.45, 'num_gates': 37.45}",sabre_v020_look_0151_beam_010,sabre_v020,hex_27,0,10,151
"{'depth': 75, 'depth_ratio': 3.0, 'time': 132.82104897499084, 'cx_gates': 126, 'num_gates': 127}","{'depth': 2.28, 'depth_ratio': 0.09121, 'time': 39.79, 'cx_gates': 37.45, 'num_gates': 37.45}",sabre_v020_look_0152_beam_010,sabre_v020,hex_27,0,10,152
"{'depth': 75, 'depth_ratio': 3.0, 'time': 75.72789406776428, 'cx_gates': 126, 'num_gates': 127}","{'depth': 2.28, 'depth_ratio': 0.09121, 'time': 20.75, 'cx_gates': 37.45, 'num_gates': 37.45}",sabre_v020_look_0153_beam_010,sabre_v020,hex_27,0,10,153
"{'depth': 75, 'depth_ratio': 3.0, 'time': 89.20869994163513, 'cx_gates': 126, 'num_gates': 127}","{'depth': 2.28, 'depth_ratio': 0.09121, 'time': 20.19, 'cx_gates': 37.45, 'num_gates': 37.45}",sabre_v020_look_0154_beam_010,sabre_v020,hex_27,0,10,154
"{'depth': 75, 'depth_ratio': 3.0, 'time': 96.2997899055481, 'cx_gates': 126, 'num_gates': 127}","{'depth': 2.28, 'depth_ratio': 0.09121, 'time': 23.92, 'cx_gates': 37.45, 'num_gates': 37.45}",sabre_v020_look_0155_beam_010,sabre_v020,hex_27,0,10,155
"{'depth': 75, 'depth_ratio': 3.0, 'time': 93.33835792541504, 'cx_gates': 126, 'num_gates': 127}","{'depth': 2.28, 'depth_ratio': 0.09121, 'time': 23.99, 'cx_gates': 37.45, 'num_gates': 37.45}",sabre_v020_look_0156_beam_010,sabre_v020,hex_27,0,10,156
"{'depth': 75, 'depth_ratio': 3.0, 'time': 90.14489912986755, 'cx_gates': 126, 'num_gates': 127}","{'depth': 2.28, 'depth_ratio': 0.09121, 'time': 22.02, 'cx_gates': 37.45, 'num_gates': 37.45}",sabre_v020_look_0157_beam_010,sabre_v020,hex_27,0,10,157
"{'depth': 75, 'depth_ratio': 3.0, 'time': 90.76404809951782, 'cx_gates': 126, 'num_gates': 127}","{'depth': 2.28, 'depth_ratio': 0.09121, 'time': 21.07, 'cx_gates': 37.45, 'num_gates': 37.45}",sabre_v020_look_0158_beam_010,sabre_v020,hex_27,0,10,158
"{'depth': 75, 'depth_ratio': 3.0, 'time': 214.11450290679932, 'cx_gates': 126, 'num_gates': 127}","{'depth': 2.28, 'depth_ratio': 0.09121, 'time': 95.53, 'cx_gates': 37.45, 'num_gates': 37.45}",sabre_v020_look_0159_beam_010,sabre_v020,hex_27,0,10,159
"{'depth': 75, 'depth_ratio': 3.0, 'time': 52.081393003463745, 'cx_gates': 126, 'num_gates': 127}","{'depth': 2.28, 'depth_ratio': 0.09121, 'time': 12.6, 'cx_gates': 37.45, 'num_gates': 37.45}",sabre_v020_look_0160_beam_010,sabre_v020,hex_27,0,10,160
"{'depth': 75, 'depth_ratio': 3.0, 'time': 52.45813488960266, 'cx_gates': 126, 'num_gates': 127}","{'depth': 2.28, 'depth_ratio': 0.09121, 'time': 12.7, 'cx_gates': 37.45, 'num_gates': 37.45}",sabre_v020_look_0161_beam_010,sabre_v020,hex_27,0,10,161
"{'depth': 75, 'depth_ratio': 3.0, 'time': 52.82947111129761, 'cx_gates': 126, 'num_gates': 127}","{'depth': 2.28, 'depth_ratio': 0.09121, 'time': 12.77, 'cx_gates': 37.45, 'num_gates': 37.45}",sabre_v020_look_0162_beam_010,sabre_v020,hex_27,0,10,162
"{'depth': 75, 'depth_ratio': 3.0, 'time': 969.0435099601746, 'cx_gates': 126, 'num_gates': 127}","{'depth': 2.28, 'depth_ratio': 0.09121, 'time': 370.0, 'cx_gates': 37.45, 'num_gates': 37.45}",sabre_v020_look_0163_beam_010,sabre_v020,hex_27,0,10,163
"{'depth': 75, 'depth_ratio': 3.0, 'time': 54.09997797012329, 'cx_gates': 126, 'num_gates': 127}","{'depth': 2.28, 'depth_ratio': 0.09121, 'time': 12.89, 'cx_gates': 37.45, 'num_gates': 37.45}",sabre_v020_look_0164_beam_010,sabre_v020,hex_27,0,10,164
"{'depth': 75, 'depth_ratio': 3.0, 'time': 54.345311880111694, 'cx_gates': 126, 'num_gates': 127}","{'depth': 2.28, 'depth_ratio': 0.09121, 'time': 13.18, 'cx_gates': 37.45, 'num_gates': 37.45}",sabre_v020_look_0165_beam_010,sabre_v020,hex_27,0,10,165
"{'depth': 75, 'depth_ratio': 3.0, 'time': 55.75360608100891, 'cx_gates': 126, 'num_gates': 127}","{'depth': 2.28, 'depth_ratio': 0.09121, 'time': 13.44, 'cx_gates': 37.45, 'num_gates': 37.45}",sabre_v020_look_0166_beam_010,sabre_v020,hex_27,0,10,166
"{'depth': 75, 'depth_ratio': 3.0, 'time': 54.868377685546875, 'cx_gates': 126, 'num_gates': 127}","{'depth': 2.28, 'depth_ratio': 0.09121, 'time': 13.45, 'cx_gates': 37.45, 'num_gates': 37.45}",sabre_v020_look_0167_beam_010,sabre_v020,hex_27,0,10,167
"{'depth': 75, 'depth_ratio': 3.0, 'time': 55.44275617599487, 'cx_gates': 126, 'num_gates': 127}","{'depth': 2.28, 'depth_ratio': 0.09121, 'time': 13.44, 'cx_gates': 37.45, 'num_gates': 37.45}",sabre_v020_look_0168_beam_010,sabre_v020,hex_27,0,10,168
"{'depth': 75, 'depth_ratio': 3.0, 'time': 56.55298113822937, 'cx_gates': 126, 'num_gates': 127}","{'depth': 2.28, 'depth_ratio': 0.09121, 'time': 13.53, 'cx_gates': 37.45, 'num_gates': 37.45}",sabre_v020_look_0169_beam_010,sabre_v020,hex_27,0,10,169
"{'depth': 75, 'depth_ratio': 3.0, 'time': 56.273191928863525, 'cx_gates': 126, 'num_gates': 127}","{'depth': 2.28, 'depth_ratio': 0.09121, 'time': 13.56, 'cx_gates': 37.45, 'num_gates': 37.45}",sabre_v020_look_0170_beam_010,sabre_v020,hex_27,0,10,170
"{'depth': 75, 'depth_ratio': 3.0, 'time': 59.41689920425415, 'cx_gates': 126, 'num_gates': 127}","{'depth': 2.28, 'depth_ratio': 0.09121, 'time': 14.43, 'cx_gates': 37.45, 'num_gates': 37.45}",sabre_v020_look_0171_beam_010,sabre_v020,hex_27,0,10,171
"{'depth': 75, 'depth_ratio': 3.0, 'time': 57.06452918052673, 'cx_gates': 126, 'num_gates': 127}","{'depth': 2.28, 'depth_ratio': 0.09121, 'time': 13.69, 'cx_gates': 37.45, 'num_gates': 37.45}",sabre_v020_look_0172_beam_010,sabre_v020,hex_27,0,10,172
"{'depth': 75, 'depth_ratio': 3.0, 'time': 57.64311695098877, 'cx_gates': 126, 'num_gates': 127}","{'depth': 2.28, 'depth_ratio': 0.09121, 'time': 13.78, 'cx_gates': 37.45, 'num_gates': 37.45}",sabre_v020_look_0173_beam_010,sabre_v020,hex_27,0,10,173
"{'depth': 75, 'depth_ratio': 3.0, 'time': 57.18887805938721, 'cx_gates': 126, 'num_gates': 127}","{'depth': 2.28, 'depth_ratio': 0.09121, 'time': 13.47, 'cx_gates': 37.45, 'num_gates': 37.45}",sabre_v020_look_0174_beam_010,sabre_v020,hex_27,0,10,174
"{'depth': 75, 'depth_ratio': 3.0, 'time': 57.51929497718811, 'cx_gates': 126, 'num_gates': 127}","{'depth': 2.28, 'depth_ratio': 0.09121, 'time': 13.81, 'cx_gates': 37.45, 'num_gates': 37.45}",sabre_v020_look_0175_beam_010,sabre_v020,hex_27,0,10,175
"{'depth': 75, 'depth_ratio': 3.0, 'time': 57.569591999053955, 'cx_gates': 126, 'num_gates': 127}","{'depth': 2.28, 'depth_ratio': 0.09121, 'time': 13.87, 'cx_gates': 37.45, 'num_gates': 37.45}",sabre_v020_look_0176_beam_010,sabre_v020,hex_27,0,10,176
"{'depth': 75, 'depth_ratio': 3.0, 'time': 58.07722592353821, 'cx_gates': 126, 'num_gates': 127}","{'depth': 2.28, 'depth_ratio': 0.09121, 'time': 90.8, 'cx_gates': 37.45, 'num_gates': 37.45}",sabre_v020_look_0177_beam_010,sabre_v020,hex_27,0,10,177
"{'depth': 75, 'depth_ratio': 3.0, 'time': 59.45190620422363, 'cx_gates': 126, 'num_gates': 127}","{'depth': 2.28, 'depth_ratio': 0.09121, 'time': 14.51, 'cx_gates': 37.45, 'num_gates': 37.45}",sabre_v020_look_0178_beam_010,sabre_v020,hex_27,0,10,178
"{'depth': 75, 'depth_ratio': 3.0, 'time': 60.106672048568726, 'cx_gates': 126, 'num_gates': 127}","{'depth': 2.28, 'depth_ratio': 0.09121, 'time': 14.68, 'cx_gates': 37.45, 'num_gates': 37.45}",sabre_v020_look_0179_beam_010,sabre_v020,hex_27,0,10,179
"{'depth': 75, 'depth_ratio': 3.0, 'time': 59.713046073913574, 'cx_gates': 126, 'num_gates': 127}","{'depth': 2.28, 'depth_ratio': 0.09121, 'time': 14.3, 'cx_gates': 37.45, 'num_gates': 37.45}",sabre_v020_look_0180_beam_010,sabre_v020,hex_27,0,10,180
"{'depth': 75, 'depth_ratio': 3.0, 'time': 61.31312584877014, 'cx_gates': 126, 'num_gates': 127}","{'depth': 2.28, 'depth_ratio': 0.09121, 'time': 14.69, 'cx_gates': 37.45, 'num_gates': 37.45}",sabre_v020_look_0181_beam_010,sabre_v020,hex_27,0,10,181
"{'depth': 75, 'depth_ratio': 3.0, 'time': 60.59829878807068, 'cx_gates': 126, 'num_gates': 127}","{'depth': 2.28, 'depth_ratio': 0.09121, 'time': 14.47, 'cx_gates': 37.45, 'num_gates': 37.45}",sabre_v020_look_0182_beam_010,sabre_v020,hex_27,0,10,182
"{'depth': 75, 'depth_ratio': 3.0, 'time': 60.26568794250488, 'cx_gates': 126, 'num_gates': 127}","{'depth': 2.28, 'depth_ratio': 0.09121, 'time': 14.41, 'cx_gates': 37.45, 'num_gates': 37.45}",sabre_v020_look_0183_beam_010,sabre_v020,hex_27,0,10,183
"{'depth': 75, 'depth_ratio': 3.0, 'time': 62.232908725738525, 'cx_gates': 126, 'num_gates': 127}","{'depth': 2.28, 'depth_ratio': 0.09121, 'time': 14.86, 'cx_gates': 37.45, 'num_gates': 37.45}",sabre_v020_look_0184_beam_010,sabre_v020,hex_27,0,10,184
"{'depth': 75, 'depth_ratio': 3.0, 'time': 61.955488204956055, 'cx_gates': 126, 'num_gates': 127}","{'depth': 2.28, 'depth_ratio': 0.09121, 'time': 14.91, 'cx_gates': 37.45, 'num_gates': 37.45}",sabre_v020_look_0185_beam_010,sabre_v020,hex_27,0,10,185
"{'depth': 75, 'depth_ratio': 3.0, 'time': 62.29346680641174, 'cx_gates': 126, 'num_gates': 127}","{'depth': 2.28, 'depth_ratio': 0.09121, 'time': 14.99, 'cx_gates': 37.45, 'num_gates': 37.45}",sabre_v020_look_0186_beam_010,sabre_v020,hex_27,0,10,186
"{'depth': 75, 'depth_ratio': 3.0, 'time': 63.76094198226929, 'cx_gates': 126, 'num_gates': 127}","{'depth': 2.28, 'depth_ratio': 0.09121, 'time': 15.42, 'cx_gates': 37.45, 'num_gates': 37.45}",sabre_v020_look_0187_beam_010,sabre_v020,hex_27,0,10,187
"{'depth': 75, 'depth_ratio': 3.0, 'time': 64.81095790863037, 'cx_gates': 126, 'num_gates': 127}","{'depth': 2.28, 'depth_ratio': 0.09121, 'time': 15.59, 'cx_gates': 37.45, 'num_gates': 37.45}",sabre_v020_look_0188_beam_010,sabre_v020,hex_27,0,10,188
"{'depth': 75, 'depth_ratio': 3.0, 'time': 68.65180897712708, 'cx_gates': 126, 'num_gates': 127}","{'depth': 2.28, 'depth_ratio': 0.09121, 'time': 17.24, 'cx_gates': 37.45, 'num_gates': 37.45}",sabre_v020_look_0189_beam_010,sabre_v020,hex_27,0,10,189
"{'depth': 75, 'depth_ratio': 3.0, 'time': 74.33564400672913, 'cx_gates': 126, 'num_gates': 127}","{'depth': 2.28, 'depth_ratio': 0.09121, 'time': 17.97, 'cx_gates': 37.45, 'num_gates': 37.45}",sabre_v020_look_0190_beam_010,sabre_v020,hex_27,0,10,190
"{'depth': 75, 'depth_ratio': 3.0, 'time': 72.21054220199585, 'cx_gates': 126, 'num_gates': 127}","{'depth': 2.28, 'depth_ratio': 0.09121, 'time': 16.89, 'cx_gates': 37.45, 'num_gates': 37.45}",sabre_v020_look_0191_beam_010,sabre_v020,hex_27,0,10,191
"{'depth': 75, 'depth_ratio': 3.0, 'time': 1293.3720219135284, 'cx_gates': 126, 'num_gates': 127}","{'depth': 2.28, 'depth_ratio': 0.09121, 'time': 527.5, 'cx_gates': 37.45, 'num_gates': 37.45}",sabre_v020_look_0192_beam_010,sabre_v020,hex_27,0,10,192
"{'depth': 75, 'depth_ratio': 3.0, 'time': 1052.8331677913666, 'cx_gates': 126, 'num_gates': 127}","{'depth': 2.28, 'depth_ratio': 0.09121, 'time': 437.0, 'cx_gates': 37.45, 'num_gates': 37.45}",sabre_v020_look_0193_beam_010,sabre_v020,hex_27,0,10,193
"{'depth': 75, 'depth_ratio': 3.0, 'time': 78.68380618095398, 'cx_gates': 126, 'num_gates': 127}","{'depth': 2.28, 'depth_ratio': 0.09121, 'time': 247.5, 'cx_gates': 37.45, 'num_gates': 37.45}",sabre_v020_look_0194_beam_010,sabre_v020,hex_27,0,10,194
"{'depth': 75, 'depth_ratio': 3.0, 'time': 71.13169574737549, 'cx_gates': 126, 'num_gates': 127}","{'depth': 2.28, 'depth_ratio': 0.09121, 'time': 354.5, 'cx_gates': 37.45, 'num_gates': 37.45}",sabre_v020_look_0195_beam_010,sabre_v020,hex_27,0,10,195
"{'depth': 75, 'depth_ratio': 3.0, 'time': 324.89314103126526, 'cx_gates': 126, 'num_gates': 127}","{'depth': 2.28, 'depth_ratio': 0.09121, 'time': 367.3, 'cx_gates': 37.45, 'num_gates': 37.45}",sabre_v020_look_0196_beam_010,sabre_v020,hex_27,0,10,196
"{'depth': 75, 'depth_ratio': 3.0, 'time': 66.39553308486938, 'cx_gates': 126, 'num_gates': 127}","{'depth': 2.28, 'depth_ratio': 0.09121, 'time': 15.91, 'cx_gates': 37.45, 'num_gates': 37.45}",sabre_v020_look_0197_beam_010,sabre_v020,hex_27,0,10,197
"{'depth': 75, 'depth_ratio': 3.0, 'time': 67.91630506515503, 'cx_gates': 126, 'num_gates': 127}","{'depth': 2.28, 'depth_ratio': 0.09121, 'time': 16.38, 'cx_gates': 37.45, 'num_gates': 37.45}",sabre_v020_look_0198_beam_010,sabre_v020,hex_27,0,10,198
"{'depth': 75, 'depth_ratio': 3.0, 'time': 68.62941479682922, 'cx_gates': 126, 'num_gates': 127}","{'depth': 2.28, 'depth_ratio': 0.09121, 'time': 16.28, 'cx_gates': 37.45, 'num_gates': 37.45}",sabre_v020_look_0199_beam_010,sabre_v020,hex_27,0,10,199
"{'depth': 75, 'depth_ratio': 3.0, 'time': 69.10919499397278, 'cx_gates': 126, 'num_gates': 127}","{'depth': 2.28, 'depth_ratio': 0.09121, 'time': 16.58, 'cx_gates': 37.45, 'num_gates': 37.45}",sabre_v020_look_0200_beam_010,sabre_v020,hex_27,0,10,200
"{'depth': 75, 'depth_ratio': 3.0, 'time': 69.52694487571716, 'cx_gates': 126, 'num_gates': 127}","{'depth': 2.28, 'depth_ratio': 0.09121, 'time': 16.77, 'cx_gates': 37.45, 'num_gates': 37.45}",sabre_v020_look_0201_beam_010,sabre_v020,hex_27,0,10,201
"{'depth': 75, 'depth_ratio': 3.0, 'time': 70.0023250579834, 'cx_gates': 126, 'num_gates': 127}","{'depth': 2.28, 'depth_ratio': 0.09121, 'time': 16.7, 'cx_gates': 37.45, 'num_gates': 37.45}",sabre_v020_look_0202_beam_010,sabre_v020,hex_27,0,10,202
"{'depth': 75, 'depth_ratio': 3.0, 'time': 70.65086603164673, 'cx_gates': 126, 'num_gates': 127}","{'depth': 2.28, 'depth_ratio': 0.09121, 'time': 16.95, 'cx_gates': 37.45, 'num_gates': 37.45}",sabre_v020_look_0203_beam_010,sabre_v020,hex_27,0,10,203
"{'depth': 75, 'depth_ratio': 3.0, 'time': 275.0809381008148, 'cx_gates': 126, 'num_gates': 127}","{'depth': 2.28, 'depth_ratio': 0.09121, 'time': 95.19, 'cx_gates': 37.45, 'num_gates': 37.45}",sabre_v020_look_0204_beam_010,sabre_v020,hex_27,0,10,204
